,tx_hash,sender,delta_eth,delta_dollar,token_name_A,token_contract_address_A,delta_token_A,token_name_B,token_contract_address_B,delta_token_B
0,0x02a5aed1bec0904ffe147e0e13cb029d4e4790e42dff0bcf5084b56313fd0654,0xb15300f1eb79782eae04f10529adc0e1b85aa9aa,-0.29133651113006254,-937.2412211461888,0xGasless,0x5fc111f3fa4c6b32eaf65659cfebdeed57234069,-2.7774306094940873e+21,Hemule,0xeaa63125dd63f10874f99cdbbb18410e7fc79dd3,
1,0x03dd2c8d113eb60e10d571b99a419e4fb7e4f437e803bfb071bce0465e9eb664,0x725ef823a0c7ea654561e13796a9d81a9aa8398a,-0.1766620277853082,-568.3288167673084,Ethereum,Ethereum,-0.17651333698806068,Monai,0x8c282c35b5e1088bb208991c151182a782637699,-6.152741639046258e+20
2,0x04b1c431a72f7641fe176d132b2938dc24ca2ea2d52252df0cffb22ed4013a99,0xf10c20623790b8a92d1cb32d0e0b8a0384179130,-0.0476589409981477,-153.32072141035846,0x857ffc55b1aa61a7ff847c82072790cae73cd883,0x857ffc55b1aa61a7ff847c82072790cae73cd883,-8.028344162710528e+17,Ethereum,Ethereum,-0.047618827986756256
3,0x054d9a64147c776a19391680e82077d31de60d84ef075f469ff911517556098d,0x941111f2be8ed9b4e0ce7cea556c8e1eee7077c2,-0.25947450480097445,-834.7398710606496,Ethereum,Ethereum,-0.2592561133816755,MetaZero,0x328a268b191ef593b72498a9e8a481c086eb21be,-5.195620151308551e+21
4,0x067ecb28afdb4ebe732845b9321bd2c815bdda53d3ab137a25c8810c4443dfbf,0x9de09e96aa328cf6c0b4a67a62aaf464d084459e,-0.17065756586914602,-549.0122223699886,Ribbon Finance,0x6123b0049f904d730db3c36a31167d9d4121fa6b,-3.9498581419287904e+20,Tether,0xdac17f958d2ee523a2206206994597c13d831ec7,-549.0160510670726
5,0x0dd4f1b0148c804994264c891276e69004e1b4bd7bc3a79d24cf496aeafece8c,0x63e150989362ecc8b5debad0931f278264d5f47d,-0.03965581819012928,-127.57435489942891,Ethereum,Ethereum,-0.039622441152086005,TAO INU,0x4e9fcd48af4738e3bf1382009dc1e93ebfce698f,-6.547660324821545e+21
6,0x10b69b51cb0ffe7e4ac414e7df9a91dab9ea9fb0c41b4be44782693aa887d37d,0xcf99f91f0d834f26b8e7267ee99203bef3648edd,-0.08497716432270484,-273.3749400321349,0x857ffc55b1aa61a7ff847c82072790cae73cd883,0x857ffc55b1aa61a7ff847c82072790cae73cd883,-1.507757573950804e+18,Ethereum,Ethereum,-0.08490564175235185
7,0x110ef6a81af6ca9de842f567aad787d4d19cdf263bf05bbb72ecf770182d5c23,0x785d9a6abfe0caa1f962a14d58dab3ba34f77fbb,-0.8649311636130089,-2782.518184375968,Ribbon Finance,0x6123b0049f904d730db3c36a31167d9d4121fa6b,-2.009874521588404e+21,Tether,0xdac17f958d2ee523a2206206994597c13d831ec7,-2782.537589079223
8,0x118676cafaf6134b1d33f524d45e4984a6dc9f1e817609523e2e75a3ec327515,0x725ef823a0c7ea654561e13796a9d81a9aa8398a,-0.13185559963428267,-424.1847433980821,Ethereum,Ethereum,-0.13174462097929407,Ribbon Finance,0x6123b0049f904d730db3c36a31167d9d4121fa6b,
9,0x1237263af074ecda6a6329f59aaf62148038ca8b41aca4a9348e0699ab1491a1,0x3011e811ea18ee32c45caa9df8056b41d65dfbc7,-0.3089032974513674,-993.7542760994821,Ethereum,Ethereum,-0.30864330339295976,Ribbon Finance,0x6123b0049f904d730db3c36a31167d9d4121fa6b,-1.014205340708061e+21
10,0x124213ce582eac769d8fecde46154dffd81fef4e081d3d211032c7265c412e7e,0xb1feeafeec3a2e8758723a64e4387ece2175fc04,-0.2001683607739994,-643.9496311634637,Ethereum,Ethereum,-0.19999988544559785,Moby,0x40a7df3df8b56147b781353d379cb960120211d7,-5.0257836779120414e+20
11,0x14484a0e49e92c54543847bc285d75aedd8e5b5b4e389615525918264f088963,0xcd1952d79e2d14c6888a4ea63e41a9c1c2729f88,-0.13768786248822876,-442.9473665175636,Ethereum,Ethereum,-0.1375719750035138,enqAI,0x710287d1d39dcf62094a83ebb3e736e79400068a,
12,0x153a70478d17e082740c30f9d5d20fbca5d298c34cc4581e2eecb6163213eebc,0xdd3d41d3817abe28519f4f5c0890e9c0f0cfe69b,-0.2981988268169585,-959.3175654716197,0xf83a3233e78c7e1c6bdd0a5fea0b1f00c00e7623,0xf83a3233e78c7e1c6bdd0a5fea0b1f00c00e7623,-9506967959917398.0,Ethereum,Ethereum,-0.29794784237025224
13,0x1583906e0ce7e381e963582934a6b2a87c8df66adbd6c5dc6db28daeef5c47fe,0x57b2e0a2b28bd6821f4ac95175487b98c4269203,-1.4032932095790334,-4514.450441760275,Ethereum,Ethereum,-1.4021121024179748,Ribbon Finance,0x6123b0049f904d730db3c36a31167d9d4121fa6b,-3.911206673516224e+21
14,0x181a0564289b631125aca03b32bfae8725a4f4a13264fc5c52c8c5346bd8352e,0x6e58309cd851a5b124e3a56768a42d12f3b6d104,-0.1553942714469773,-499.90959308587253,Tether,0xdac17f958d2ee523a2206206994597c13d831ec7,-499.91307935142964,UNITAO,0x19efa7d0fc88ffe461d1091f8cbe56dc2708a84f,-6.247733312482181e+20
15,0x18c635e257d2461c6add3ab45b0870bbe3b16eb3ae0cc4d0a165125dd1232677,0x4178e1a2e48f301459346efcb4edc094a35cacd6,-0.1285017541058755,-413.39528804836544,Ethereum,Ethereum,-0.12839359827575603,Sora AI,0xb8a87405d9a4f2f866319b77004e88dff66c0d92,
16,0x18cac731f1826133592d3274ee11e6ceca8d783dafebf84d0d9075c6de659c0c,0x4e6b065262e3504f2511ef5b8cadc039630803be,-0.054635224265271565,-175.7637040045377,Ethereum,Ethereum,-0.05458923953864048,Luna Inu,0x78132543d8e20d2417d8a07d9ae199d458a0d581,
17,0x1d48a66765c9bbe41f1431c6f90a430269bbb16186d78b4a5a9526c931643f53,0x32822bf1cbe0c73b79d436473fdf2c076208a9c5,-0.053342231310236576,-171.6040938979644,0x51940e2d6120b84912a656e9ba489d4a6f43d5d1,0x51940e2d6120b84912a656e9ba489d4a6f43d5d1,-2284136724273499.0,WETH,0xc02aaa39b223fe8d0a0e5c4f27ead9083c756cc2,-0.053342231310236576
18,0x1f514126ec169ed0327cf1702db5bc7225ea6023d617facb0d23605e4e7502b5,0x459e03ecbe6078f9981765b8e7dd2106c4e369da,-0.06632542567090892,-213.37154999117777,Frax Share,0x3432b6a60d23ca0dfca7761b7ab56459d9c964d0,,Tether,0xdac17f958d2ee523a2206206994597c13d831ec7,-213.37303800000154
19,0x1f6ecb530c52099c4a1037ddccdcbd92d4f3bf82426e097a193ead905cdb40cb,0x9a7c699f90be93838161bf28d996a7ae51c4b21b,-0.01151905536256606,-37.05726231355262,0xa7606281f7808167b5faf89f4d898685a8b87549,0xa7606281f7808167b5faf89f4d898685a8b87549,,Ethereum,Ethereum,-0.011509360140865788
20,0x202fc38a52652a0c49927c1771de43939b47e083ba1c256ef0d004e32df2451b,0x77314da6f40f71c3a850c89e1a05c438a0acd405,-0.08299181057287917,-266.98797752724283,0x7f3b4b68ca0238f387d8b1a8fbc002d0e6d4cd5b,0x7f3b4b68ca0238f387d8b1a8fbc002d0e6d4cd5b,,Ethereum,Ethereum,-0.08292195901148935
21,0x24531edc6aed059e99a673a82f9ff93d478459510b26ebfda66d5bda57909b97,0x3b5042f0d60cf45d9c927a34c358cfe1c6a19a96,-0.20297989524714594,-652.9944501347805,Ethereum,Ethereum,-0.20280905353980294,Ribbon Finance,0x6123b0049f904d730db3c36a31167d9d4121fa6b,-6.912075027205576e+20
22,0x26711230e601f9f5036fb78a56f7ce5acb09517b68178d17bcb010c56b341c46,0x3a104f201896cdc4b6a825daa0a630dcd6a19ad7,-0.06496528153955809,-208.99591186172626,Ethereum,Ethereum,-0.06491060233301538,Offshift,0x76bc677d444f1e9d57daf5187ee2b7dc852745ae,
23,0x28dd28633cdbb1c615a76e845566bdb6b31f51c5f720f66f15443c905d200ef4,0x4994512cf01fba287e7abbe9399150d2bacbc806,-0.04471872652810087,-143.86193373678688,0x55d6995b0e9b8a981b8a853d2c0bc0e6311a0073,0x55d6995b0e9b8a981b8a853d2c0bc0e6311a0073,,Tether,0xdac17f958d2ee523a2206206994597c13d831ec7,-143.86293699999987
24,0x2e082d7852ee9db71b5d187fea3a6008a15f4e110e867bcb9b5016bfa4bc0aa3,0xc3e2fa491f1f2a36407f5ef3561b4bbc7851ef80,-0.0833839572782486,-268.2495291796027,Ethereum,Ethereum,-0.08331377565947751,enqAI,0x710287d1d39dcf62094a83ebb3e736e79400068a,
25,0x303685b29474481d36c9f2db64db1c891deaba59d9e523480c58d6cbdbe47cc8,0xe42b0fe568e7eb591bdf50351fe06b40230b6eba,-0.029150446506097032,-93.77815356666372,BananaCat,0x0590cc9232ebf68d81f6707a119898219342ecb9,-22413373889079.0,Ethereum,Ethereum,-0.02912591150451548
26,0x3176431997f0e7b627ce63b3b2aec527ad9feef74ea15ad3cec9f9e058faa0ac,0xe42b0fe568e7eb591bdf50351fe06b40230b6eba,-0.301722695904584,-970.6539934189257,Ethereum,Ethereum,-0.3014687455295988,Mog Coin,0xaaee1a9723aadb7afa2810263653a34ba2c21c7a,
27,0x32ada7102b69d5dbd3e95d18262d0c1121f4d9176d75ab888aa29307403fc49f,0x1518c211f611114decd1842894e08b803afcd27b,-0.03504111838365711,-112.72868085375394,Ethereum,Ethereum,-0.035011625391335954,Mog Coin,0xaaee1a9723aadb7afa2810263653a34ba2c21c7a,
28,0x352af1bbfdcaf196c1f2e5cb441d368f2cf68d94c3943d78ef550d7b60d5a4a9,0x865911efdfe06756914d59882d4f681295a53205,-0.015644346924530667,-50.32849044119944,DeRace,0x9fa69536d1cda4a04cfb50688294de75b505a9ae,758942531584.0,Ethereum,Ethereum,-0.015631179576426568
30,0x379c4ce641268fbd9484fb19a09f141430eae3005d5ef0cc1163573c0ec2d50e,0xe6c322ccdba2ae6b91aaa14b8fe9160235bd5fb4,-0.022814727460888994,-73.39589172197861,Doggensnout Skeptic,0x21e5c85a5b1f38bddde68307af77e38f747cd530,,zkHive,0x750c3a0a0ce9984eeb8c5d146dff024b584e5e33,-5.265015205729403e+20
31,0x3ee1ff110bcf31413f7e20a3aa58a22c96dcb78f37a072845d414c87a77797d7,0x0c6fee9443f2d30928e6389f63cb3e05d5e21613,-0.8746353259003837,-2813.736863000013,HarryPotterObamaSonic10Inu (ETH),0x72e4f9f808c49a2a61de9c5896298920dc4eeea9,,USDC,0xa0b86991c6218b36c1d19d4a2e9eb0ce3606eb48,-2813.736863000013
33,0x4010103b5b88489992176b61fe61d68e62bb259b0aefa3aa60d93f82b7f7206a,0xa69db1db6585972d0366be55bc3e2b03203e32db,-0.04346705799123987,-139.83526593807028,GEKKO,0xf017d3690346eb8234b85f74cee5e15821fee1f4,-1.9511320573801396e+25,Tether,0xdac17f958d2ee523a2206206994597c13d831ec7,-139.8362411201393
34,0x428cb3781d072c726eaaab73d75399af6f28ac0c3ffb79b4ebcd8b1d0575a667,0x0851af9c23a8a8e2b0b2e80e51ecc7cac741965c,-0.5110354423528106,-1644.021479429008,Ethereum,Ethereum,-0.5106053201115018,Ribbon Finance,0x6123b0049f904d730db3c36a31167d9d4121fa6b,-1.4018244319160513e+21
35,0x438891bf879a982e872c0fe54170a4226f8ad3b5f7d32582eda2c1b3e25b2f12,0xa69db1db6585972d0366be55bc3e2b03203e32db,-0.04242114261120042,-136.47051428301208,GEKKO,0xf017d3690346eb8234b85f74cee5e15821fee1f4,,Tether,0xdac17f958d2ee523a2206206994597c13d831ec7,-136.4714660000027
36,0x4589dc3b7be6df22ed3657b3310bfff117329a0a7e68ded05daecac2899e5921,0x4e6b065262e3504f2511ef5b8cadc039630803be,-0.36510974965878396,-1174.5726833043939,Ethereum,Ethereum,-0.3648024484212731,Luna Inu,0x78132543d8e20d2417d8a07d9ae199d458a0d581,
37,0x461009b028f0e470a3027830886cdb7aed7cb748ac336334a199885a909ba60b,0xe42b0fe568e7eb591bdf50351fe06b40230b6eba,-0.02405796225326013,-77.39542782699212,BananaCat,0x0590cc9232ebf68d81f6707a119898219342ecb9,-17070743318083.0,Ethereum,Ethereum,-0.024037713433338652
38,0x47b07abab633e39bbbfa2560e57db4fdc43cbcce5186449666d1d1d700c14b2c,0xa69db1db6585972d0366be55bc3e2b03203e32db,0.0,0.0,Ribbon Finance,0x6123b0049f904d730db3c36a31167d9d4121fa6b,,Tether,0xdac17f958d2ee523a2206206994597c13d831ec7,0.0
39,0x49a549461101f35322aada54af42be06299ca89fce532f8074c41999d1e12418,0x95be46b0b874293ff7aca67c12050ce4565f1d8b,-0.0377000007576989,-121.28241191020395,Ethereum,Ethereum,-0.037668269868841975,Super Trump,0x7039cd6d7966672f194e8139074c3d5c4e6dcf65,
40,0x4b8f64a2979095cf2c463b67a409afbec1e59affb6fe5ca067c8bb1f68a96ca8,0x67bb6879b16ef6bc9035e92dd6c24facacb931b6,-1.0006834357728809,-3219.2386793079854,Ethereum,Ethereum,-0.999841192424252,GEKKO,0xf017d3690346eb8234b85f74cee5e15821fee1f4,-5.64383316565595e+26
41,0x4ceedb9e5fc1b1912575173fdbba82e46499672888c24e6ef1219bf5a9f70c1e,0x38bf30d3f1528bbd2bb8a242e9a0f4405affb8d0,-0.024077838412167072,-77.45937022601852,0x7f3b4b68ca0238f387d8b1a8fbc002d0e6d4cd5b,0x7f3b4b68ca0238f387d8b1a8fbc002d0e6d4cd5b,,Ethereum,Ethereum,-0.024057572863116244
42,0x52ee11074830fd4c987567c028a6d38d66f429cfba7aa787852a7e532899e83a,0xab8ffec5e4103d7c4cff8550be1c68c8c9dafc81,-0.05877101297261914,-189.06870186917737,Ethereum,Ethereum,-0.05872154728447158,GEKKO,0xf017d3690346eb8234b85f74cee5e15821fee1f4,-3.2392985371339505e+25
43,0x53f7718551d1d82d04cc5879baab184712d672966509bd4473d72722ae9c3fd5,0x8781247955bf2c7b2bab886e864d9bfb29c562bd,-0.024646649263245102,-79.28925750858976,Ethereum,Ethereum,-0.024625904964233173,Lyve Finance,0x0aa1582bebf8d96ea384b6829a5d41278579cd88,-1.1362706176932944e+20
44,0x5604ee0ec1916f3dd6b2cedd1eb46ca34f397e3df316f4392e793301b780f047,0x295976a0208aa8d2500e0b465762613fad7c8752,-0.13439253107579624,-432.3461534217878,Ethereum,Ethereum,-0.13427941716648428,enqAI,0x710287d1d39dcf62094a83ebb3e736e79400068a,-4.245312396991895e+21
45,0x5bf71b0ca15af827736ab3888694c621ee7eb5c6765e3148796d59582c29731f,0x1223d2677610bace06382709851c2a6e11334667,-0.02001589951828426,-64.39195016817227,0x5e4ae56ec652f58ce85aa92ad1d112bbcde117ce,0x5e4ae56ec652f58ce85aa92ad1d112bbcde117ce,-6.9041509282316e+23,Ethereum,Ethereum,-0.019999052773716056
46,0x5c4b2b6f40d545e4d6516e4eb9ba942ccd98107c3358598dcad95eb6ca37f1dc,0xc42c1e503d8c609d9e9ab1d00044830eb6f9a0fe,-0.0008234469695465375,-2.64906187107589,Ethereum,Ethereum,-0.0008227539004816803,Monai,0x8c282c35b5e1088bb208991c151182a782637699,-3.0773909240595005e+18
48,0x5d3b49daa767c190038a4c6a8ad66dea031ec1e2a2d53a1b3c0c3dac12469eb7,0x4960d00d2790c211ee84dcb8b0be1f27f226e828,-0.02337654833395241,-75.20329196540469,0xfadfe3aa73202df64c374c9f2afd0f6029e06dc5,0xfadfe3aa73202df64c374c9f2afd0f6029e06dc5,,Ethereum,Ethereum,-0.023356873038405057
49,0x6326d184ae6ea8ba28dd3ade1030ef7bd0efd6b9d211ffdeeaf872d073a7886c,0x3e9dd8088fe88472621f67ac502b784f0d852b71,-0.08370572899482273,-269.28468167525955,Ethereum,Ethereum,-0.08363527655105507,Kendu Inu,0xaa95f26e30001251fb905d264aa7b00ee9df6c18,
50,0x64046567f97811c26132d760f200c2a3cb4c5401bf4da4d0a4db0b41eb85781c,0xf16b4b87e6f214b60abc8e52e207c5009e14d019,-0.5795165698157375,-1864.3280083973862,Ribbon Finance,0x6123b0049f904d730db3c36a31167d9d4121fa6b,-1.4689075256601252e+21,Tether,0xdac17f958d2ee523a2206206994597c13d831ec7,-1864.3410098332713
51,0x67631acb91dcafb4e5359b3505e653cbca277497511d4705773809b785a57318,0xf16b4b87e6f214b60abc8e52e207c5009e14d019,-1.0353236962228995,-3330.6777841392486,Ribbon Finance,0x6123b0049f904d730db3c36a31167d9d4121fa6b,-2.8239431927309795e+21,Tether,0xdac17f958d2ee523a2206206994597c13d831ec7,-3330.701011593575
52,0x6c88869f57410165d986213cd436be155e2f321cf6d22c994aef63b54a40c70c,0x7c52d8d7ccd8e97c9e6b40e1819c4f222b9db05a,-0.01470610342843029,-47.310123547854545,0xb7810116c82a572d64dc85c06a2574acf0039d4b,0xb7810116c82a572d64dc85c06a2574acf0039d4b,,Ethereum,Ethereum,-0.014693725769968025
53,0x6f9f327ccab17819176a52afc575a987453b0a04848c99d6b76b48c3e4ea28eb,0x725ef823a0c7ea654561e13796a9d81a9aa8398a,-0.07927463890412452,-255.02968743679034,Ethereum,Ethereum,-0.07920791596763424,GEKKO,0xf017d3690346eb8234b85f74cee5e15821fee1f4,-3.9214495362834455e+25
54,0x724b605f1d20915213cf8edbba2a33c0f5485a9f81f08593184fbbaa6e3e9a10,0x62cec3b9b5f50e14e6a91e08214e17652f241c5b,-0.028731747594627165,-92.43118240415326,BOBO Coin,0xb90b2a35c65dbc466b04240097ca756ad2005295,,Tether,0xdac17f958d2ee523a2206206994597c13d831ec7,-92.43182700000034
55,0x7262838213300e33f7e53317f0c40441a5865502bb68aecbe82df21d75ba0da4,0xd880507d359af862a5f8f318c8e934ab478ca818,-0.005887319016862312,-18.93974099998013,Ribbon Finance,0x6123b0049f904d730db3c36a31167d9d4121fa6b,,USDC,0xa0b86991c6218b36c1d19d4a2e9eb0ce3606eb48,-18.93974099998013
56,0x737b1c6a17602934cb751257ad6d2135e9d936412374569b1cc90e6fc2bf4b32,0xe26d67b169420e2ab7697ba95d35a8a9a27e6158,-2.0357680364209068,-6549.147283409703,Ribbon Finance,0x6123b0049f904d730db3c36a31167d9d4121fa6b,-7.488675345188293e+21,USDC,0xa0b86991c6218b36c1d19d4a2e9eb0ce3606eb48,-6549.147283409703
57,0x7446a1164edd7f2f6346859810a6f207190713baf990b4e142210cdbe9aa325d,0x3e9dd8088fe88472621f67ac502b784f0d852b71,-0.013970265805621565,-44.94290445303031,0xc548e90589b166e1364de744e6d35d8748996fe8,0xc548e90589b166e1364de744e6d35d8748996fe8,-5359882696923.0,Ethereum,Ethereum,-0.013958507478229772
58,0x75b19a2aa7d95d6a9682132386e92c7e20a7765b217c5c2b3c0d57f172edb5b4,0x725ef823a0c7ea654561e13796a9d81a9aa8398a,-0.4378280997304909,-1408.5105270596387,Ethereum,Ethereum,-0.43745959377580207,Monai,0x8c282c35b5e1088bb208991c151182a782637699,-1.578817649826623e+21
59,0x7981a65c3b2095bb51a20474a565aa9ff9a2116d78babb6f45590739a1c05112,0x04e0946d2bf513218411466025e36fdf86f48ad1,-0.14297439835086626,-459.9543640556082,Ethereum,Ethereum,-0.14285406135743714,LNDRY,0x613577bfea8ba6571f6b7a86716d04c80a3fbeb4,-5.22670127243939e+21
60,0x8140d07d7cbfacf91768ae462a250f43889d4675b25a2e6ae1895ed6862c1f49,0xe4c5a1ef83ef1f254e60fbd72ed0a7f0995ff236,-0.047460951628523575,-152.6837816809689,Choppy,0xf938346d7117534222b48d09325a6b8162b3a9e7,,Ethereum,Ethereum,-0.04742100525847315
61,0x816e0bb7b2571ffa86236ffda543c6a1229f32a55595e60f4791f59c9788931b,0xe47ac0b95799912bf7d594199e7ceff2b27cface,-0.09750653569023272,-313.6824293857553,0x68b21273d95b73a8f90b0eb365814f21af837524,0x68b21273d95b73a8f90b0eb365814f21af837524,-1.6365839486659624e+21,Ethereum,Ethereum,-0.0974244675474044
62,0x8370a59561ea56f5ff89ff477aae91a7254a5ac2f10646d9b8b060e6446d6cab,0x0d94d5b0182dfadd42d3c7117410ed002e9ffb0b,-0.023155047166028453,-74.4907138394942,Azure Wallet,0x1f769203d2abcb78f5a77dd15c0078c50fb13287,,WETH,0xc02aaa39b223fe8d0a0e5c4f27ead9083c756cc2,-0.023155047166028453
63,0x8676022d5f5e9462eab01189029f8d6e50bc439184ee77686e6bf2fc136b8d84,0xf16b4b87e6f214b60abc8e52e207c5009e14d019,-0.9243916463103565,-2973.804937955318,Ribbon Finance,0x6123b0049f904d730db3c36a31167d9d4121fa6b,-2.468382399777372e+21,Tether,0xdac17f958d2ee523a2206206994597c13d831ec7,-2973.8256766526188
64,0x8772bf5e30be9714635ee113b4850014e6af0d06276939f4d5f2d20b293e9874,0x27918946f3142de2f473f9c44192061c4ebc261e,-0.1815859706567013,-584.1693381346363,DODO,0x747e550a7b848ace786c3cfe754aa78febc8a022,,Ethereum,Ethereum,-0.18143313553370177
65,0x903a4c8daeb5e35e65d2eb4bd3d78cdcbcd41c564649572ab7f34c0b39956807,0x31c12545c3a565a1e191e986c5cb24d0dcba07d5,-0.1266564125707173,-407.4587504440165,Ethereum,Ethereum,-0.12654980990574316,Osaka Protocol,0xa21af1050f7b26e0cff45ee51548254c41ed6b5c,
66,0x9546d9b0801946123d6b9c672266d667b1972951f36f92f89af239148e91c231,0x2c9d870d4436c028f816f172e6e3936a9a3717de,-0.015826575479873983,-50.9147269999994,Ribbon Finance,0x6123b0049f904d730db3c36a31167d9d4121fa6b,,USDC,0xa0b86991c6218b36c1d19d4a2e9eb0ce3606eb48,-50.9147269999994
67,0x95912a257124cc1c9d4eefd601530480e5d6dcec0fc1a65d133a996f6f9e0b4b,0x725ef823a0c7ea654561e13796a9d81a9aa8398a,-0.11434719695202512,-367.8595109492303,Ethereum,Ethereum,-0.11425095456145051,GEKKO,0xf017d3690346eb8234b85f74cee5e15821fee1f4,
68,0x98b048c9f10d1d12fe0adaa9e80aca7e11fd1424bb56c0f9b5060af2fba2ee5d,0x34c5fc224a350f8be26f84214d22cd52e98a9b8d,-0.021726578954196208,-69.89527440750186,Ethereum,Ethereum,-0.021708292385278938,Monai,0x8c282c35b5e1088bb208991c151182a782637699,
70,0x9e38fccfcdf24f7859abee44dc4f0e85922c8bb86d5b661ae97306398060d34b,0x0ac709f0aa895df869e75944a15cb845fcc12120,-0.05271928182580515,-169.60004046423515,Ethereum,Ethereum,-0.05267490968684996,Ribbon Finance,0x6123b0049f904d730db3c36a31167d9d4121fa6b,
71,0x9fd617231e8358ae2e8fe11755245274147a2220a927f38e4078e83cbe1ad2a8,0x1518c211f611114decd1842894e08b803afcd27b,-0.027974468742275053,-89.99498601540122,Ethereum,Ethereum,-0.027950923523690108,GEKKO,0xf017d3690346eb8234b85f74cee5e15821fee1f4,
72,0xa0737602dd3d70300cb9d1d60fcf72bd366d69199f10b7c8d7e1ba1f410ee5c1,0x0ac709f0aa895df869e75944a15cb845fcc12120,-0.07626410487160878,-245.34467891522692,Ethereum,Ethereum,-0.07619991580564545,Ribbon Finance,0x6123b0049f904d730db3c36a31167d9d4121fa6b,
73,0xa2a6afd39185a048696472b805431112e6f9ddf72225098b7533b1d4aa9a40eb,0x3a104f201896cdc4b6a825daa0a630dcd6a19ad7,-0.03196154516861167,-102.82157051772835,Ethereum,Ethereum,-0.03193464415489661,LFG,0x40a9a694197a0b4b92f2aad48da6bc1b6ff194e9,
74,0xa919ed90851b57afb9b606abb37e457f9edf9b683d6f094ef34cd4ec902e0e30,0xd65c6be6cf3fb398fa5ecc5423002b0d8afd95a2,-0.16670489708764558,-536.2963286387494,0x3635fbbabc7c4fb3f84d4317351a357cbdb16bfe,0x3635fbbabc7c4fb3f84d4317351a357cbdb16bfe,-1.4860965551882232e+16,Ethereum,Ethereum,-0.1665645868898981
75,0xa9a1533c37d53d461be2821ca53bf04a4269038095757bad2da65b348afd9f16,0xf299dc09ec306e9ed207cdc1296ac6d0d9c5dc7c,-0.09995068847724813,-321.5453667631701,Ethereum,Ethereum,-0.0998665631689324,SANSHU!,0x0026dfbd8dbb6f8d0c88303cc1b1596409fda542,-3.6496068315949237e+22
76,0xa9cac434cc4d62747c4587954506c3b9c0bb7645418755db9bc7840dc52b1288,0x725ef823a0c7ea654561e13796a9d81a9aa8398a,-0.8757369211200053,-2817.2807389283753,Ethereum,Ethereum,-0.8749998412697804,Monai,0x8c282c35b5e1088bb208991c151182a782637699,-3.308119804772568e+21
77,0xaf41b2b05c808213faad380a847a14442392bc72691ba22b315b587675dba3fc,0x34c5fc224a350f8be26f84214d22cd52e98a9b8d,-0.02019506725789758,-64.96833996021664,Ethereum,Ethereum,-0.020178069713554358,Hemule,0xeaa63125dd63f10874f99cdbbb18410e7fc79dd3,-1.7698940510101318e+21
78,0xb036b2d5b9bbe29ca45e8c4b53c9e88f95d4d4a195c90181fd92e0939fcb7072,0xf16b4b87e6f214b60abc8e52e207c5009e14d019,-5.310131527590518,-17082.905736946814,Ribbon Finance,0x6123b0049f904d730db3c36a31167d9d4121fa6b,-1.3165517750008875e+22,Tether,0xdac17f958d2ee523a2206206994597c13d831ec7,-17083.024869579414
79,0xb247af3330e82bbcddc739a4b0353a65b6904ed46d441becda83ef8b46fe0606,0xc270b3a8428b222905c2564b0118fb4a0e10bb81,-0.12378572713344597,-398.223640452761,Ethereum,Ethereum,-0.12368154063289417,The Balkan Dwarf,0x8c7ac134ed985367eadc6f727d79e8295e11435c,-3.303678521154919e+24
80,0xb281794f9c689ff7eeb171cca2a818cadc010d8570a99f777e776fe827f917cb,0x725ef823a0c7ea654561e13796a9d81a9aa8398a,-0.04302983249721815,-138.42869401770352,Ethereum,Ethereum,-0.04299361565888765,GEKKO,0xf017d3690346eb8234b85f74cee5e15821fee1f4,-2.3662669590962745e+25
81,0xb6e603ca5b9c6a09ec11a3b8790ce9c2002c24427b3a3a95a606f28786b405f2,0x7485e2b0d848cf56ebb3131303e0a0462054d607,-0.39487962140777866,-1270.3435526786654,Monai,0x8c282c35b5e1088bb208991c151182a782637699,-1.214771924809101e+21,USDC,0xa0b86991c6218b36c1d19d4a2e9eb0ce3606eb48,-1270.3435526786654
82,0xba229eb8f1503171631ebef17f5c860027ce68ac8d2e90ce7fa32684a14ab816,0x9daba17ec5765ba14a4bc75b28b7fa7492af5cd8,-0.018196622117772527,-58.53926192856448,Ethereum,Ethereum,-0.018181306600998363,K9,0x2bd0fb740e403b505a3146f9ac02df883fd5c3fc,-8.902953510102589e+28
83,0xbc146b7b4823c17530156973135dc4a1ddf5e44bb4130f1f4de4213d178d9dc3,0x9af0c21b8cecf84dad025b2fb47f54446df5d5f6,0.0,0.0,0x7f3b4b68ca0238f387d8b1a8fbc002d0e6d4cd5b,0x7f3b4b68ca0238f387d8b1a8fbc002d0e6d4cd5b,-1.5779619025732883e+22,KaboChan,0x0c5cb676e38d6973837b9496f6524835208145a2,
84,0xbeca0da9d46bbb2761e8d700d547da5b4f039a11e13b827e305f3977a493dd00,0x31c12545c3a565a1e191e986c5cb24d0dcba07d5,-0.0481302286545783,-154.83687267101163,0x703f249015718088cc390f1b9d8f681135732507,0x703f249015718088cc390f1b9d8f681135732507,-1.0051865478110208e+16,Ethereum,Ethereum,-0.0480897189753899
85,0xc2724419e6200a97cb72c006d80ac00b0b62f26f27b7e6c08da42ff6f9846750,0xe42b0fe568e7eb591bdf50351fe06b40230b6eba,-0.22174048842750496,-713.3480295525584,Ethereum,Ethereum,-0.2215538565269224,Mog Coin,0xaaee1a9723aadb7afa2810263653a34ba2c21c7a,
87,0xc3a3306f1fc00cb2eecea7a4b92b718e77a088d04540673383853726cfa5577d,0x6f0eebe333db10b0da8a983066454272241ca171,-0.018720942351741574,-60.22602111453352,Cramer Coin,0x64df3aab3b21cc275bb76c4a581cf8b726478ee0,-1.0128645650679285e+22,Ethereum,Ethereum,-0.018705185531340485
88,0xc423a863bd7db7c237a417143ee9a8d0c173e523c5762d565c323593e4078a7a,0x0084425f6b16fc5af92efa240886c27fd8d5a84d,-0.11577934211546832,-372.4667792817768,PepeCoin,0xa9e8acf069c58aec8825542845fd754e41a9489a,-3.745464256682273e+20,Wrapped Bitcoin,0x2260fac5e5542a773aa44fbcfedf7c193bc2c599,-0.005599993674551612
89,0xc48875e34b90fdfa81d40062dee8f790c52b2c6b9a341c58933b9836a3114453,0xa69db1db6585972d0366be55bc3e2b03203e32db,-0.06061104293847383,-194.98815194240672,Ribbon Finance,0x6123b0049f904d730db3c36a31167d9d4121fa6b,-1.6417906163708645e+20,Tether,0xdac17f958d2ee523a2206206994597c13d831ec7,-194.9895117492349
90,0xc4a9c7ec9a8bb74204b693a9bea914dfe2ec53e14bf99f79cb16ce5eeed17519,0x5b1269000061c662aec723e45a58157366009fb3,-0.13233103038597616,-425.7142231620816,Ethereum,Ethereum,-0.1322196515760794,Moby,0x40a7df3df8b56147b781353d379cb960120211d7,
91,0xc51ec13c5bca6c63255860077d822f64ebe41513b091c8533785dacdc5bd207e,0x48e1d8dae86abfe39b0b3a853d82400793327d7c,-0.9768085505456877,-3142.4322176040832,Ethereum,Ethereum,-0.9759864019268836,ZynCoin,0x58cb30368ceb2d194740b144eab4c2da8a917dcb,
92,0xc5401198de14171a0f1370145fe5bb87c49b75f788614b35adccdbc25aa42802,0xa20442124a3ebb4cc81468fa7ed9e4c4643fd4e6,-0.07603541671218723,-244.60897994990827,Chainflip,0x826180541412d574cf1336d22c0c0a287822678a,-2.9340028043899437e+19,Dai,0x6b175474e89094c44da98b954eedeac495271d0f,-244.73208106704985
93,0xc94ed61493c78e9aef9a4532b5ca584637509fc4a7dec6ac00618cb333fe641b,0x749b6f0c1d3e750cba6d672b77165ea6e1e16b27,-0.040033541066975147,-128.78950451791192,0x122b79cb4e867684e3f58bc370f18f128bbe93b4,0x122b79cb4e867684e3f58bc370f18f128bbe93b4,-5984795663737050.0,Ethereum,Ethereum,-0.039999846111627275
94,0xc9c10b7c12ed0189f687c8e91d9e6af33ab89a30ae5c76ea33b9795b4469c660,0xdd3d41d3817abe28519f4f5c0890e9c0f0cfe69b,-0.293110384239802,-942.9478419644371,0xf83a3233e78c7e1c6bdd0a5fea0b1f00c00e7623,0xf83a3233e78c7e1c6bdd0a5fea0b1f00c00e7623,-9288461795679620.0,Ethereum,Ethereum,-0.2928636825730063
95,0xcab186aad1f48ef37a567f25832ce676ba5900fe5c853e2800c94f81a734363d,0x1518c211f611114decd1842894e08b803afcd27b,-0.015070187673972559,-48.481397143355885,Ethereum,Ethereum,-0.015057503577406905,GEKKO,0xf017d3690346eb8234b85f74cee5e15821fee1f4,-8.213598075353138e+24
96,0xcbd360b8c07f1d4f28d10618633ab5432d9feee143fe2b5b8aa1564503f2f826,0xc31300642c30c9df6201612db1a104dd41e5868d,0.007113895719606897,22.885687363690725,Ethereum,Ethereum,0.007107908180352737,Fetch.ai,0xaea46a60368a7bd060eec7df8cba43b7ef41ad85,1.4048871436133597e+19
97,0xcc8cb0844a682bcb5b4e068b720bf5d7fb3e93bec90a1fa96f69469a65cc45d5,0xfbd9ddb2cdbd1d9247bb14ba4b40579a31d0d727,-0.02708583378410756,-87.13621177486577,Meme Kombat,0x9fdfb933ee990955d3219d4f892fd1f786b47c9b,,WETH,0xc02aaa39b223fe8d0a0e5c4f27ead9083c756cc2,-0.02708583378410756
98,0xd05139eff228f2dbace3317e0b57cb5fc55640d9350155126ad7d1835a86e498,0xab8ffec5e4103d7c4cff8550be1c68c8c9dafc81,-0.04730222142549467,-152.1731402624164,Ethereum,Ethereum,-0.04726240865359621,GEKKO,0xf017d3690346eb8234b85f74cee5e15821fee1f4,
99,0xd72397c81ce96e7fd84e12824d0c76c32b21870fdff16a211331771051fd495e,0x56ece71f3d0afcb929f92af2305e42df794a63cd,-0.0995862291319457,-320.3728864567217,Echelon Prime,0xb23d80f5fefcddaa212212f028021b41ded428cf,-2.570801877191806e+19,Ethereum,Ethereum,-0.09950241057744287
100,0xda681528abf230a36b86e81e456629090dfc15dab234a83208dee0e1cafa1832,0x1518c211f611114decd1842894e08b803afcd27b,-0.14296154352310328,-459.91300955999947,Ethereum,Ethereum,-0.1428412173491729,Monai,0x8c282c35b5e1088bb208991c151182a782637699,-5.2175292630703276e+20
101,0xe24459eed0cdcf16f873cc39eb486613facefa651266654db79f466c482e6c5d,0x725ef823a0c7ea654561e13796a9d81a9aa8398a,-0.1401585866127267,-450.89578495155115,Ethereum,Ethereum,-0.14004061959827663,Monai,0x8c282c35b5e1088bb208991c151182a782637699,
102,0xe2d9647da2db921969932a9050387703e6b317f619066afc70b425f1997acba8,0xa9087d967dd05eb34d740c40f8d9dcaedc410c0f,-0.014937586220007544,-48.05481295671253,Ethereum,Ethereum,-0.014925013729858693,Meme Kombat,0x9fdfb933ee990955d3219d4f892fd1f786b47c9b,-1.1316921889715755e+20
103,0xe492c642730f7b6eae1b7c1559ee24449524361b3f8745fba2c3495a26ca2fc0,0x34c5fc224a350f8be26f84214d22cd52e98a9b8d,-0.020912970228261368,-67.27786256003886,Ethereum,Ethereum,-0.020895368447872927,Monai,0x8c282c35b5e1088bb208991c151182a782637699,-7.639426234886547e+19
104,0xe590f6b37857d8ef5a6b248df45b2cd62023bd6641543440ed3ee20cb237b8ad,0x8ab12c30b14d3b2e268128c18cfe260b5a1ec4c1,-0.13838207554900048,-445.1806777297063,Ethereum,Ethereum,-0.13826560376728203,Precipitate.ai,0xe3944ab788a60ca266f1eec3c26925b95f6370ad,
105,0xe5c846cd2da1f04cca6b7fb48d4270ba85bbdc4857ab1213f63761320be8330e,0x67bb6879b16ef6bc9035e92dd6c24facacb931b6,-0.050042090453832816,-160.9874086283675,Ethereum,Ethereum,-0.04999997162151332,GEKKO,0xf017d3690346eb8234b85f74cee5e15821fee1f4,-2.727408753828087e+25
106,0xe67bee5dc9d2d5978fb644f0e6a90d99cf09543b10e4ba3ce89082fac83d6750,0x1518c211f611114decd1842894e08b803afcd27b,-0.7278850419065388,-2341.635323648021,Ethereum,Ethereum,-0.7272724042699031,GEKKO,0xf017d3690346eb8234b85f74cee5e15821fee1f4,-4.1556226339086575e+26
107,0xea3aba262ec456410ebb86f4c74887a4400a0902373e774edb83fb833ca294b4,0xd65c6be6cf3fb398fa5ecc5423002b0d8afd95a2,-0.03335668528825508,-107.30979214272362,0x3635fbbabc7c4fb3f84d4317351a357cbdb16bfe,0x3635fbbabc7c4fb3f84d4317351a357cbdb16bfe,-2823492477278595.0,Ethereum,Ethereum,-0.03332861002957485
108,0xeb671c7097b1e13386b0763a1d56d6c1867e0b0e80f13bf0e56be340e2b6945b,0xe42b0fe568e7eb591bdf50351fe06b40230b6eba,-0.15526620765930269,-499.4976067533693,Ethereum,Ethereum,-0.1551355250418105,Mog Coin,0xaaee1a9723aadb7afa2810263653a34ba2c21c7a,
109,0xecc1fc9f289eaf9c92f5aa08dabfc63c9939bc70b7a74b2e9c71ab239fd79986,0xf9aeb52bb4ef74e1987dd295e4df326d41d0d0ff,-0.04127159916812517,-132.77238699999725,Ribbon Finance,0x6123b0049f904d730db3c36a31167d9d4121fa6b,,USDC,0xa0b86991c6218b36c1d19d4a2e9eb0ce3606eb48,-132.77238699999725
110,0xed160469f33d7b1989a0c0de9303c0200b330a6633069ab61fbdb532940d8179,0x3e9dd8088fe88472621f67ac502b784f0d852b71,-0.2995962748546826,-963.8132117614875,BOBO Coin,0xb90b2a35c65dbc466b04240097ca756ad2005295,-2.1100365811472508e+27,Ethereum,Ethereum,-0.29934411422051016
111,0xee2202ea6cfc7da6a98f80679f7621c3ca10a7c1314a11213f4239a7d02c5a8d,0xe42b0fe568e7eb591bdf50351fe06b40230b6eba,-0.02915043677377227,-93.77812225738528,BananaCat,0x0590cc9232ebf68d81f6707a119898219342ecb9,-21581870679816.0,Ethereum,Ethereum,-0.029125901780382102
112,0xee51506e07ace44eaad85041210d025ac46241526d2d22ef07af4e01a6847ba8,0x1f7ea43d283d0ef906ee92ddead883a8f078cbc9,0.0,0.0,0x15ee3f09712f4715904e1923c1ad504a673e88ac,0x15ee3f09712f4715904e1923c1ad504a673e88ac,-1.2843069022051609e+23,Fable Of The Dragon,0x8ee325ae3e54e83956ef2d5952d3c8bc1fa6ec27,
113,0xeed7ab57abc5fa7fa1c19a023b1a6ac81bc84f9aee25e83a39b4548a40ad27d1,0xcb223f26762d510e934390af599aa1d91171c1ed,-0.0822805977220513,-264.6999773098338,0x68b21273d95b73a8f90b0eb365814f21af837524,0x68b21273d95b73a8f90b0eb365814f21af837524,-9.726954750183507e+20,Ethereum,Ethereum,-0.08221134476584635
114,0xf04799625e207b3da3bd1cb8adaef12b3feb4220cdae363728e6f7e842e4295f,0x987edbfe6e37c8d1e1c7a1f3d91d5a700516fa33,-0.04393902671305589,-141.35360821333757,Ethereum,Ethereum,-0.04390204463493674,Super Trump,0x7039cd6d7966672f194e8139074c3d5c4e6dcf65,
115,0xf608e9543dd4951df24b8925e7b839a3a48e0dab91c257daad8ae3897883bb97,0xfba1c821847909b1a246c2a0577754c33cfa5439,-1.0310239193177282,-3316.845229676276,Ribbon Finance,0x6123b0049f904d730db3c36a31167d9d4121fa6b,-2.8552499613081985e+21,USDC,0xa0b86991c6218b36c1d19d4a2e9eb0ce3606eb48,-3316.845229676276
117,0xf7681b8cc9849d0171bf84cc1af3cc9dce68de21792bc6626076511c7d9a9943,0x2d2f07ca6cc763148932d52c5e0b1ecc4c29ce0f,-0.06469472500419461,-208.12552065463194,Ethereum,Ethereum,-0.06464027351646306,Kendu Inu,0xaa95f26e30001251fb905d264aa7b00ee9df6c18,
118,0xfbab2abde357bed89e9a2aa1fb5f3e2919617849d06114adca368fc539d2192a,0x0ac709f0aa895df869e75944a15cb845fcc12120,-0.07267595764545295,-233.80146562263258,Ethereum,Ethereum,-0.0726147886086288,Ribbon Finance,0x6123b0049f904d730db3c36a31167d9d4121fa6b,
120,0xfc4054990dfc6415785d866463cd4d9ae32c37932127c16e540805831bba683e,0x94020ea06109f487ce45174cfa4da4513d38e098,-0.030944590873895336,-99.54998783372933,Ethereum,Ethereum,-0.0309185457981922,ZynCoin,0x58cb30368ceb2d194740b144eab4c2da8a917dcb,
