,tx_hash or block,where_problem_happened
0,0xf677c09a3445eff5a19b93d919335ec3cbc9299556e1191a65eb5a73a806f593,tenderly
1,0xc6837bf8f4944f754417bf5c23f0692ab5d2e428b652e448aa4628ba903baa5e,tenderly
2,0x0112d477449a090d67859bb09b7fb207e5567e3a75b0ee932764698352f989b4,tenderly
3,0x57ce749c21f7fa6d0da9da480de0d2abfb6c35cde5c32de4807a88ff446867b1,tenderly
4,0x57ce749c21f7fa6d0da9da480de0d2abfb6c35cde5c32de4807a88ff446867b1,tenderly
5,0x751cdf9178dc3e7989a03484413054045f656afc95e1fb87ded7b066ca3658b5,tenderly
6,0x5cd66b73cad621e4391ce46d6d60f624c62ca32a79a4ae123d1badf841cceae1,tenderly
7,0x99ca3a2d8bd95caf695366fde7215a203203fb8e65883465a47f80844ddbc0f8,tenderly
8,0xdcff2a7cb06cf1806a7f4dcb063356632a41e7d690ba62b1db75fb2245c44933,tenderly
9,0xdcff2a7cb06cf1806a7f4dcb063356632a41e7d690ba62b1db75fb2245c44933,tenderly
10,0xdf7e7bba421b1095029934e0810c4b30c0ec05056747db11a75dd819f63e6852,tenderly
11,0x1a2e2817a4dcf4a74c6ee4ead753fcedfc773c33bdba52c404b79662b2f3853e,tenderly
