,tx_hash,index,type,raw_amount,dollar_value,token_contract_address,token_name,token_dollar_value,from,to,sender,timestamp
0,0x1ee8d8e23e4a026ce8afbf2dc79c196c6b1d43d5e9f8ebb80b968a367ed5e581,0,Transfer,807452531860501402532,,0xb0699d63aef20df3f1cffa9ca2bb8670416271d2,None,None,0x36a2ffb33c1b427c46c3d30adac3ca4e8ed36179,0xe1ebdf64f7f3a31723e767a561345f958233bb7d,0x36a2ffb33c1b427c46c3d30adac3ca4e8ed36179,1710162059
1,0x1ee8d8e23e4a026ce8afbf2dc79c196c6b1d43d5e9f8ebb80b968a367ed5e581,0,Transfer,400000000000000000,1241.7200195312500001,0xc02aaa39b223fe8d0a0e5c4f27ead9083c756cc2,WETH,3104.300048828125,0xe1ebdf64f7f3a31723e767a561345f958233bb7d,0x7a250d5630b4cf539739df2c5dacb4c659f2488d,0x36a2ffb33c1b427c46c3d30adac3ca4e8ed36179,1710162059
2,0x1ee8d8e23e4a026ce8afbf2dc79c196c6b1d43d5e9f8ebb80b968a367ed5e581,0,Burn,400000000000000000,1241.7200195312500001,0xc02aaa39b223fe8d0a0e5c4f27ead9083c756cc2,WETH,3104.300048828125,0x7a250d5630b4cf539739df2c5dacb4c659f2488d,None,0x36a2ffb33c1b427c46c3d30adac3ca4e8ed36179,1710162059
3,0x1ee8d8e23e4a026ce8afbf2dc79c196c6b1d43d5e9f8ebb80b968a367ed5e581,0,Transfer,400000000000000000,1241.3440429687500001,None,Ethereum,3103.360107421875,0xc02aaa39b223fe8d0a0e5c4f27ead9083c756cc2,0x7a250d5630b4cf539739df2c5dacb4c659f2488d,0x36a2ffb33c1b427c46c3d30adac3ca4e8ed36179,1710162059
4,0x1ee8d8e23e4a026ce8afbf2dc79c196c6b1d43d5e9f8ebb80b968a367ed5e581,0,Transfer,400000000000000000,1241.3440429687500001,None,Ethereum,3103.360107421875,0x7a250d5630b4cf539739df2c5dacb4c659f2488d,0x36a2ffb33c1b427c46c3d30adac3ca4e8ed36179,0x36a2ffb33c1b427c46c3d30adac3ca4e8ed36179,1710162059
5,0x1ee8d8e23e4a026ce8afbf2dc79c196c6b1d43d5e9f8ebb80b968a367ed5e581,2,Transfer,849211506914041613620,,0xb0699d63aef20df3f1cffa9ca2bb8670416271d2,None,None,0x36a2ffb33c1b427c46c3d30adac3ca4e8ed36179,0xe1ebdf64f7f3a31723e767a561345f958233bb7d,0x36a2ffb33c1b427c46c3d30adac3ca4e8ed36179,1710162059
6,0x1ee8d8e23e4a026ce8afbf2dc79c196c6b1d43d5e9f8ebb80b968a367ed5e581,2,Transfer,400000000000000000,1241.7200195312500001,0xc02aaa39b223fe8d0a0e5c4f27ead9083c756cc2,WETH,3104.300048828125,0xe1ebdf64f7f3a31723e767a561345f958233bb7d,0x7a250d5630b4cf539739df2c5dacb4c659f2488d,0x36a2ffb33c1b427c46c3d30adac3ca4e8ed36179,1710162059
7,0x1ee8d8e23e4a026ce8afbf2dc79c196c6b1d43d5e9f8ebb80b968a367ed5e581,2,Burn,400000000000000000,1241.7200195312500001,0xc02aaa39b223fe8d0a0e5c4f27ead9083c756cc2,WETH,3104.300048828125,0x7a250d5630b4cf539739df2c5dacb4c659f2488d,None,0x36a2ffb33c1b427c46c3d30adac3ca4e8ed36179,1710162059
8,0x1ee8d8e23e4a026ce8afbf2dc79c196c6b1d43d5e9f8ebb80b968a367ed5e581,2,Transfer,400000000000000000,1241.3440429687500001,None,Ethereum,3103.360107421875,0xc02aaa39b223fe8d0a0e5c4f27ead9083c756cc2,0x7a250d5630b4cf539739df2c5dacb4c659f2488d,0x36a2ffb33c1b427c46c3d30adac3ca4e8ed36179,1710162059
9,0x1ee8d8e23e4a026ce8afbf2dc79c196c6b1d43d5e9f8ebb80b968a367ed5e581,2,Transfer,400000000000000000,1241.3440429687500001,None,Ethereum,3103.360107421875,0x7a250d5630b4cf539739df2c5dacb4c659f2488d,0x36a2ffb33c1b427c46c3d30adac3ca4e8ed36179,0x36a2ffb33c1b427c46c3d30adac3ca4e8ed36179,1710162059
14,0xee8fd2c76181afa14ca0da158e0a01bba2d3df8e62c5da122ac1d77912aab66e,0,Transfer,8628057236838641858,26784.078501610053188,0xc02aaa39b223fe8d0a0e5c4f27ead9083c756cc2,WETH,3104.300048828125,0x88e6a0c2ddd26feeb64f039a2c41296fcb3f5640,0x3fc91a3afd70395cd496c647d5a6cc9d4b2b7fad,0xbbf46514de004992d8dcbcec19f02f2e772ab51d,1710162323
15,0xee8fd2c76181afa14ca0da158e0a01bba2d3df8e62c5da122ac1d77912aab66e,0,Transfer,35000470928,35000.470928,0xa0b86991c6218b36c1d19d4a2e9eb0ce3606eb48,USDC,1,0xbbf46514de004992d8dcbcec19f02f2e772ab51d,0x88e6a0c2ddd26feeb64f039a2c41296fcb3f5640,0xbbf46514de004992d8dcbcec19f02f2e772ab51d,1710162323
16,0xee8fd2c76181afa14ca0da158e0a01bba2d3df8e62c5da122ac1d77912aab66e,0,Transfer,962028380714292460540,62445.2657152178756435,0x0b7f0e51cd1739d6c96982d55ad8fa634dd43a9c,Dream Machine Token,64.91000366210938,0xe3170d65018882a336743a9c396c52ea4b9c5563,0xbbf46514de004992d8dcbcec19f02f2e772ab51d,0xbbf46514de004992d8dcbcec19f02f2e772ab51d,1710162323
17,0xee8fd2c76181afa14ca0da158e0a01bba2d3df8e62c5da122ac1d77912aab66e,0,Transfer,8628057236838641858,26784.078501610053188,0xc02aaa39b223fe8d0a0e5c4f27ead9083c756cc2,WETH,3104.300048828125,0x3fc91a3afd70395cd496c647d5a6cc9d4b2b7fad,0xe3170d65018882a336743a9c396c52ea4b9c5563,0xbbf46514de004992d8dcbcec19f02f2e772ab51d,1710162323
18,0xee8fd2c76181afa14ca0da158e0a01bba2d3df8e62c5da122ac1d77912aab66e,2,Transfer,8628057236838641858,26784.078501610053188,0xc02aaa39b223fe8d0a0e5c4f27ead9083c756cc2,WETH,3104.300048828125,0x88e6a0c2ddd26feeb64f039a2c41296fcb3f5640,0x3fc91a3afd70395cd496c647d5a6cc9d4b2b7fad,0xbbf46514de004992d8dcbcec19f02f2e772ab51d,1710162323
19,0xee8fd2c76181afa14ca0da158e0a01bba2d3df8e62c5da122ac1d77912aab66e,2,Transfer,35000470928,35000.470928,0xa0b86991c6218b36c1d19d4a2e9eb0ce3606eb48,USDC,1,0xbbf46514de004992d8dcbcec19f02f2e772ab51d,0x88e6a0c2ddd26feeb64f039a2c41296fcb3f5640,0xbbf46514de004992d8dcbcec19f02f2e772ab51d,1710162323
20,0xee8fd2c76181afa14ca0da158e0a01bba2d3df8e62c5da122ac1d77912aab66e,2,Transfer,957524069008544824766,62152.8908259025144799,0x0b7f0e51cd1739d6c96982d55ad8fa634dd43a9c,Dream Machine Token,64.91000366210938,0xe3170d65018882a336743a9c396c52ea4b9c5563,0xbbf46514de004992d8dcbcec19f02f2e772ab51d,0xbbf46514de004992d8dcbcec19f02f2e772ab51d,1710162323
21,0xee8fd2c76181afa14ca0da158e0a01bba2d3df8e62c5da122ac1d77912aab66e,2,Transfer,8628057236838641858,26784.078501610053188,0xc02aaa39b223fe8d0a0e5c4f27ead9083c756cc2,WETH,3104.300048828125,0x3fc91a3afd70395cd496c647d5a6cc9d4b2b7fad,0xe3170d65018882a336743a9c396c52ea4b9c5563,0xbbf46514de004992d8dcbcec19f02f2e772ab51d,1710162323
26,0x77929a2b313bd1f5b15c9dbc61cc598d21e6f3594b308b15189a379f5264cb4f,0,Mint,200000000000000000,620.86000976562500003,0xc02aaa39b223fe8d0a0e5c4f27ead9083c756cc2,WETH,3104.300048828125,None,0x3fc91a3afd70395cd496c647d5a6cc9d4b2b7fad,0xfb93f5128dae38523b8beea93a0f89c32b3f4932,1710162371
27,0x77929a2b313bd1f5b15c9dbc61cc598d21e6f3594b308b15189a379f5264cb4f,0,Transfer,200000000000000000,620.86000976562500003,0xc02aaa39b223fe8d0a0e5c4f27ead9083c756cc2,WETH,3104.300048828125,0x3fc91a3afd70395cd496c647d5a6cc9d4b2b7fad,0x315dcf704ce9b07631a0d5c6ca06f3ce692ca5c5,0xfb93f5128dae38523b8beea93a0f89c32b3f4932,1710162371
28,0x77929a2b313bd1f5b15c9dbc61cc598d21e6f3594b308b15189a379f5264cb4f,0,Transfer,210323224669082081620159,,0x1db61c337e5216941f53e6a0e41eed9640aec8bb,None,None,0x315dcf704ce9b07631a0d5c6ca06f3ce692ca5c5,0xfb93f5128dae38523b8beea93a0f89c32b3f4932,0xfb93f5128dae38523b8beea93a0f89c32b3f4932,1710162371
29,0x77929a2b313bd1f5b15c9dbc61cc598d21e6f3594b308b15189a379f5264cb4f,0,Transfer,200000000000000000,620.67202148437500003,None,Ethereum,3103.360107421875,0xfb93f5128dae38523b8beea93a0f89c32b3f4932,0x3fc91a3afd70395cd496c647d5a6cc9d4b2b7fad,0xfb93f5128dae38523b8beea93a0f89c32b3f4932,1710162371
30,0x77929a2b313bd1f5b15c9dbc61cc598d21e6f3594b308b15189a379f5264cb4f,0,Transfer,200000000000000000,620.67202148437500003,None,Ethereum,3103.360107421875,0x3fc91a3afd70395cd496c647d5a6cc9d4b2b7fad,0xc02aaa39b223fe8d0a0e5c4f27ead9083c756cc2,0xfb93f5128dae38523b8beea93a0f89c32b3f4932,1710162371
31,0x77929a2b313bd1f5b15c9dbc61cc598d21e6f3594b308b15189a379f5264cb4f,1,Mint,200000000000000000,620.86000976562500003,0xc02aaa39b223fe8d0a0e5c4f27ead9083c756cc2,WETH,3104.300048828125,None,0x3fc91a3afd70395cd496c647d5a6cc9d4b2b7fad,0xfb93f5128dae38523b8beea93a0f89c32b3f4932,1710162371
32,0x77929a2b313bd1f5b15c9dbc61cc598d21e6f3594b308b15189a379f5264cb4f,1,Transfer,200000000000000000,620.86000976562500003,0xc02aaa39b223fe8d0a0e5c4f27ead9083c756cc2,WETH,3104.300048828125,0x3fc91a3afd70395cd496c647d5a6cc9d4b2b7fad,0x315dcf704ce9b07631a0d5c6ca06f3ce692ca5c5,0xfb93f5128dae38523b8beea93a0f89c32b3f4932,1710162371
33,0x77929a2b313bd1f5b15c9dbc61cc598d21e6f3594b308b15189a379f5264cb4f,1,Transfer,145062083370942671340571,,0x1db61c337e5216941f53e6a0e41eed9640aec8bb,None,None,0x315dcf704ce9b07631a0d5c6ca06f3ce692ca5c5,0xfb93f5128dae38523b8beea93a0f89c32b3f4932,0xfb93f5128dae38523b8beea93a0f89c32b3f4932,1710162371
34,0x77929a2b313bd1f5b15c9dbc61cc598d21e6f3594b308b15189a379f5264cb4f,1,Transfer,200000000000000000,620.67202148437500003,None,Ethereum,3103.360107421875,0xfb93f5128dae38523b8beea93a0f89c32b3f4932,0x3fc91a3afd70395cd496c647d5a6cc9d4b2b7fad,0xfb93f5128dae38523b8beea93a0f89c32b3f4932,1710162371
35,0x77929a2b313bd1f5b15c9dbc61cc598d21e6f3594b308b15189a379f5264cb4f,1,Transfer,200000000000000000,620.67202148437500003,None,Ethereum,3103.360107421875,0x3fc91a3afd70395cd496c647d5a6cc9d4b2b7fad,0xc02aaa39b223fe8d0a0e5c4f27ead9083c756cc2,0xfb93f5128dae38523b8beea93a0f89c32b3f4932,1710162371
36,0x08e622acdf6b27fe26f24e33815bb1a0789158f2d326104f0e2b529e2f33e02f,0,Mint,3000000000000000000,9312.900146484375,0xc02aaa39b223fe8d0a0e5c4f27ead9083c756cc2,WETH,3104.300048828125,None,0x3fc91a3afd70395cd496c647d5a6cc9d4b2b7fad,0x76ec733f445358232ea24aaf03d4536057439bfc,1710162383
37,0x08e622acdf6b27fe26f24e33815bb1a0789158f2d326104f0e2b529e2f33e02f,0,Transfer,3000000000000000000,9312.900146484375,0xc02aaa39b223fe8d0a0e5c4f27ead9083c756cc2,WETH,3104.300048828125,0x3fc91a3afd70395cd496c647d5a6cc9d4b2b7fad,0xe342253d5a0c1ac9da0203b0256e33c5cfe084f0,0x76ec733f445358232ea24aaf03d4536057439bfc,1710162383
38,0x08e622acdf6b27fe26f24e33815bb1a0789158f2d326104f0e2b529e2f33e02f,0,Transfer,662750435205344629894851169,4930.86323150621122417463905,0xd807f7e2818db8eda0d28b5be74866338eaedb86,Jim,0.000007439999990310753,0xe342253d5a0c1ac9da0203b0256e33c5cfe084f0,0x76ec733f445358232ea24aaf03d4536057439bfc,0x76ec733f445358232ea24aaf03d4536057439bfc,1710162383
39,0x08e622acdf6b27fe26f24e33815bb1a0789158f2d326104f0e2b529e2f33e02f,0,Transfer,3000000000000000000,9310.080322265625,None,Ethereum,3103.360107421875,0x76ec733f445358232ea24aaf03d4536057439bfc,0x3fc91a3afd70395cd496c647d5a6cc9d4b2b7fad,0x76ec733f445358232ea24aaf03d4536057439bfc,1710162383
40,0x08e622acdf6b27fe26f24e33815bb1a0789158f2d326104f0e2b529e2f33e02f,0,Transfer,3000000000000000000,9310.080322265625,None,Ethereum,3103.360107421875,0x3fc91a3afd70395cd496c647d5a6cc9d4b2b7fad,0xc02aaa39b223fe8d0a0e5c4f27ead9083c756cc2,0x76ec733f445358232ea24aaf03d4536057439bfc,1710162383
41,0x08e622acdf6b27fe26f24e33815bb1a0789158f2d326104f0e2b529e2f33e02f,2,Mint,3000000000000000000,9312.900146484375,0xc02aaa39b223fe8d0a0e5c4f27ead9083c756cc2,WETH,3104.300048828125,None,0x3fc91a3afd70395cd496c647d5a6cc9d4b2b7fad,0x76ec733f445358232ea24aaf03d4536057439bfc,1710162383
42,0x08e622acdf6b27fe26f24e33815bb1a0789158f2d326104f0e2b529e2f33e02f,2,Transfer,3000000000000000000,9312.900146484375,0xc02aaa39b223fe8d0a0e5c4f27ead9083c756cc2,WETH,3104.300048828125,0x3fc91a3afd70395cd496c647d5a6cc9d4b2b7fad,0xe342253d5a0c1ac9da0203b0256e33c5cfe084f0,0x76ec733f445358232ea24aaf03d4536057439bfc,1710162383
43,0x08e622acdf6b27fe26f24e33815bb1a0789158f2d326104f0e2b529e2f33e02f,2,Transfer,659453207862797867549195584,4906.33186010961096323706139,0xd807f7e2818db8eda0d28b5be74866338eaedb86,Jim,0.000007439999990310753,0xe342253d5a0c1ac9da0203b0256e33c5cfe084f0,0x76ec733f445358232ea24aaf03d4536057439bfc,0x76ec733f445358232ea24aaf03d4536057439bfc,1710162383
44,0x08e622acdf6b27fe26f24e33815bb1a0789158f2d326104f0e2b529e2f33e02f,2,Transfer,3000000000000000000,9310.080322265625,None,Ethereum,3103.360107421875,0x76ec733f445358232ea24aaf03d4536057439bfc,0x3fc91a3afd70395cd496c647d5a6cc9d4b2b7fad,0x76ec733f445358232ea24aaf03d4536057439bfc,1710162383
45,0x08e622acdf6b27fe26f24e33815bb1a0789158f2d326104f0e2b529e2f33e02f,2,Transfer,3000000000000000000,9310.080322265625,None,Ethereum,3103.360107421875,0x3fc91a3afd70395cd496c647d5a6cc9d4b2b7fad,0xc02aaa39b223fe8d0a0e5c4f27ead9083c756cc2,0x76ec733f445358232ea24aaf03d4536057439bfc,1710162383
46,0x4f9b4cddc272c3803df798041fff63ae7e439982810f7d1d40f288a4218f45b6,0,Transfer,3951926516895469854,12267.965679363769025,0xc02aaa39b223fe8d0a0e5c4f27ead9083c756cc2,WETH,3104.300048828125,0xed4a344f5f1c293881fc65ab37d0d07eba130e11,0x3fc91a3afd70395cd496c647d5a6cc9d4b2b7fad,0x1518c211f611114decd1842894e08b803afcd27b,1710162383
47,0x4f9b4cddc272c3803df798041fff63ae7e439982810f7d1d40f288a4218f45b6,0,Transfer,22930623511917913834759,4626.4366760177995837359,0x8c282c35b5e1088bb208991c151182a782637699,Monai,0.2017579972743988,0x1518c211f611114decd1842894e08b803afcd27b,0xed4a344f5f1c293881fc65ab37d0d07eba130e11,0x1518c211f611114decd1842894e08b803afcd27b,1710162383
48,0x4f9b4cddc272c3803df798041fff63ae7e439982810f7d1d40f288a4218f45b6,0,Burn,3951926516895469854,12267.965679363769025,0xc02aaa39b223fe8d0a0e5c4f27ead9083c756cc2,WETH,3104.300048828125,0x3fc91a3afd70395cd496c647d5a6cc9d4b2b7fad,None,0x1518c211f611114decd1842894e08b803afcd27b,1710162383
49,0x4f9b4cddc272c3803df798041fff63ae7e439982810f7d1d40f288a4218f45b6,0,Transfer,3951926516895469854,12264.251099996081633,None,Ethereum,3103.360107421875,0xc02aaa39b223fe8d0a0e5c4f27ead9083c756cc2,0x3fc91a3afd70395cd496c647d5a6cc9d4b2b7fad,0x1518c211f611114decd1842894e08b803afcd27b,1710162383
50,0x4f9b4cddc272c3803df798041fff63ae7e439982810f7d1d40f288a4218f45b6,0,Transfer,3951926516895469854,12264.251099996081633,None,Ethereum,3103.360107421875,0x3fc91a3afd70395cd496c647d5a6cc9d4b2b7fad,0x1518c211f611114decd1842894e08b803afcd27b,0x1518c211f611114decd1842894e08b803afcd27b,1710162383
51,0x4f9b4cddc272c3803df798041fff63ae7e439982810f7d1d40f288a4218f45b6,1,Transfer,3858664313519433662,11978.451816869721351,0xc02aaa39b223fe8d0a0e5c4f27ead9083c756cc2,WETH,3104.300048828125,0xed4a344f5f1c293881fc65ab37d0d07eba130e11,0x3fc91a3afd70395cd496c647d5a6cc9d4b2b7fad,0x1518c211f611114decd1842894e08b803afcd27b,1710162383
52,0x4f9b4cddc272c3803df798041fff63ae7e439982810f7d1d40f288a4218f45b6,1,Transfer,22930623511917913834759,4626.4366760177995837359,0x8c282c35b5e1088bb208991c151182a782637699,Monai,0.2017579972743988,0x1518c211f611114decd1842894e08b803afcd27b,0xed4a344f5f1c293881fc65ab37d0d07eba130e11,0x1518c211f611114decd1842894e08b803afcd27b,1710162383
53,0x4f9b4cddc272c3803df798041fff63ae7e439982810f7d1d40f288a4218f45b6,1,Burn,3858664313519433662,11978.451816869721351,0xc02aaa39b223fe8d0a0e5c4f27ead9083c756cc2,WETH,3104.300048828125,0x3fc91a3afd70395cd496c647d5a6cc9d4b2b7fad,None,0x1518c211f611114decd1842894e08b803afcd27b,1710162383
54,0x4f9b4cddc272c3803df798041fff63ae7e439982810f7d1d40f288a4218f45b6,1,Transfer,3858664313519433662,11974.824898508625203,None,Ethereum,3103.360107421875,0xc02aaa39b223fe8d0a0e5c4f27ead9083c756cc2,0x3fc91a3afd70395cd496c647d5a6cc9d4b2b7fad,0x1518c211f611114decd1842894e08b803afcd27b,1710162383
55,0x4f9b4cddc272c3803df798041fff63ae7e439982810f7d1d40f288a4218f45b6,1,Transfer,3858664313519433662,11974.824898508625203,None,Ethereum,3103.360107421875,0x3fc91a3afd70395cd496c647d5a6cc9d4b2b7fad,0x1518c211f611114decd1842894e08b803afcd27b,0x1518c211f611114decd1842894e08b803afcd27b,1710162383
56,0x1bcc89149f51daa2d79355a340d576af22555be34567e66a48b926a27ba54877,0,Mint,2200000000000000000,6829.460107421875,0xc02aaa39b223fe8d0a0e5c4f27ead9083c756cc2,WETH,3104.300048828125,None,0x3fc91a3afd70395cd496c647d5a6cc9d4b2b7fad,0xc4ba8f21c0dd755cfeff899c4f791c634ca5c6db,1710162587
57,0x1bcc89149f51daa2d79355a340d576af22555be34567e66a48b926a27ba54877,0,Transfer,2200000000000000000,6829.460107421875,0xc02aaa39b223fe8d0a0e5c4f27ead9083c756cc2,WETH,3104.300048828125,0x3fc91a3afd70395cd496c647d5a6cc9d4b2b7fad,0x7bc703a48c90da793f57b55808ae14cdd75458d6,0xc4ba8f21c0dd755cfeff899c4f791c634ca5c6db,1710162587
58,0x1bcc89149f51daa2d79355a340d576af22555be34567e66a48b926a27ba54877,0,Transfer,253702036857238273019840,95.701485982145427747675,0x50b0696468f42cab1ddc76413a1312aff3cabdf6,ClosedAI,0.0003772200143430382,0x7bc703a48c90da793f57b55808ae14cdd75458d6,0xc4ba8f21c0dd755cfeff899c4f791c634ca5c6db,0xc4ba8f21c0dd755cfeff899c4f791c634ca5c6db,1710162587
59,0x1bcc89149f51daa2d79355a340d576af22555be34567e66a48b926a27ba54877,0,Transfer,2200000000000000000,6827.392236328125,None,Ethereum,3103.360107421875,0xc4ba8f21c0dd755cfeff899c4f791c634ca5c6db,0x3fc91a3afd70395cd496c647d5a6cc9d4b2b7fad,0xc4ba8f21c0dd755cfeff899c4f791c634ca5c6db,1710162587
60,0x1bcc89149f51daa2d79355a340d576af22555be34567e66a48b926a27ba54877,0,Transfer,2200000000000000000,6827.392236328125,None,Ethereum,3103.360107421875,0x3fc91a3afd70395cd496c647d5a6cc9d4b2b7fad,0xc02aaa39b223fe8d0a0e5c4f27ead9083c756cc2,0xc4ba8f21c0dd755cfeff899c4f791c634ca5c6db,1710162587
61,0x1bcc89149f51daa2d79355a340d576af22555be34567e66a48b926a27ba54877,2,Mint,2200000000000000000,6829.460107421875,0xc02aaa39b223fe8d0a0e5c4f27ead9083c756cc2,WETH,3104.300048828125,None,0x3fc91a3afd70395cd496c647d5a6cc9d4b2b7fad,0xc4ba8f21c0dd755cfeff899c4f791c634ca5c6db,1710162587
62,0x1bcc89149f51daa2d79355a340d576af22555be34567e66a48b926a27ba54877,2,Transfer,2200000000000000000,6829.460107421875,0xc02aaa39b223fe8d0a0e5c4f27ead9083c756cc2,WETH,3104.300048828125,0x3fc91a3afd70395cd496c647d5a6cc9d4b2b7fad,0x7bc703a48c90da793f57b55808ae14cdd75458d6,0xc4ba8f21c0dd755cfeff899c4f791c634ca5c6db,1710162587
63,0x1bcc89149f51daa2d79355a340d576af22555be34567e66a48b926a27ba54877,2,Transfer,252255267872204059208581,95.1557357648597587929438,0x50b0696468f42cab1ddc76413a1312aff3cabdf6,ClosedAI,0.0003772200143430382,0x7bc703a48c90da793f57b55808ae14cdd75458d6,0xc4ba8f21c0dd755cfeff899c4f791c634ca5c6db,0xc4ba8f21c0dd755cfeff899c4f791c634ca5c6db,1710162587
64,0x1bcc89149f51daa2d79355a340d576af22555be34567e66a48b926a27ba54877,2,Transfer,2200000000000000000,6827.392236328125,None,Ethereum,3103.360107421875,0xc4ba8f21c0dd755cfeff899c4f791c634ca5c6db,0x3fc91a3afd70395cd496c647d5a6cc9d4b2b7fad,0xc4ba8f21c0dd755cfeff899c4f791c634ca5c6db,1710162587
65,0x1bcc89149f51daa2d79355a340d576af22555be34567e66a48b926a27ba54877,2,Transfer,2200000000000000000,6827.392236328125,None,Ethereum,3103.360107421875,0x3fc91a3afd70395cd496c647d5a6cc9d4b2b7fad,0xc02aaa39b223fe8d0a0e5c4f27ead9083c756cc2,0xc4ba8f21c0dd755cfeff899c4f791c634ca5c6db,1710162587
66,0x3fbadfd097e3edf52396ca21392bbd34a2ad3aaba5297bb09f05df9af140ee20,0,Mint,990000000000000000,3073.25704833984375,0xc02aaa39b223fe8d0a0e5c4f27ead9083c756cc2,WETH,3104.300048828125,None,0x2ec705d306b51e486b1bc0d6ebee708e0661add1,0x577ff90b598941db6c75413a0f980ca5cde42a76,1710162587
67,0x3fbadfd097e3edf52396ca21392bbd34a2ad3aaba5297bb09f05df9af140ee20,0,Transfer,990000000000000000,3073.25704833984375,0xc02aaa39b223fe8d0a0e5c4f27ead9083c756cc2,WETH,3104.300048828125,0x2ec705d306b51e486b1bc0d6ebee708e0661add1,0x7bc703a48c90da793f57b55808ae14cdd75458d6,0x577ff90b598941db6c75413a0f980ca5cde42a76,1710162587
68,0x3fbadfd097e3edf52396ca21392bbd34a2ad3aaba5297bb09f05df9af140ee20,0,Transfer,114682821493117775548973,43.260655568533977004921,0x50b0696468f42cab1ddc76413a1312aff3cabdf6,ClosedAI,0.0003772200143430382,0x7bc703a48c90da793f57b55808ae14cdd75458d6,0x577ff90b598941db6c75413a0f980ca5cde42a76,0x577ff90b598941db6c75413a0f980ca5cde42a76,1710162587
69,0x3fbadfd097e3edf52396ca21392bbd34a2ad3aaba5297bb09f05df9af140ee20,0,Transfer,1000000000000000000,3103.360107421875,None,Ethereum,3103.360107421875,0x577ff90b598941db6c75413a0f980ca5cde42a76,0x2ec705d306b51e486b1bc0d6ebee708e0661add1,0x577ff90b598941db6c75413a0f980ca5cde42a76,1710162587
70,0x3fbadfd097e3edf52396ca21392bbd34a2ad3aaba5297bb09f05df9af140ee20,0,Transfer,990000000000000000,3072.32650634765625,None,Ethereum,3103.360107421875,0x2ec705d306b51e486b1bc0d6ebee708e0661add1,0xc02aaa39b223fe8d0a0e5c4f27ead9083c756cc2,0x577ff90b598941db6c75413a0f980ca5cde42a76,1710162587
71,0x3fbadfd097e3edf52396ca21392bbd34a2ad3aaba5297bb09f05df9af140ee20,0,Transfer,10000000000000000,31.033601074218749999,None,Ethereum,3103.360107421875,0x2ec705d306b51e486b1bc0d6ebee708e0661add1,0x79ce7b3d3e36fdb203d84a37b505995ceb5f573a,0x577ff90b598941db6c75413a0f980ca5cde42a76,1710162587
72,0x3fbadfd097e3edf52396ca21392bbd34a2ad3aaba5297bb09f05df9af140ee20,3,Mint,990000000000000000,3073.25704833984375,0xc02aaa39b223fe8d0a0e5c4f27ead9083c756cc2,WETH,3104.300048828125,None,0x2ec705d306b51e486b1bc0d6ebee708e0661add1,0x577ff90b598941db6c75413a0f980ca5cde42a76,1710162587
73,0x3fbadfd097e3edf52396ca21392bbd34a2ad3aaba5297bb09f05df9af140ee20,3,Transfer,990000000000000000,3073.25704833984375,0xc02aaa39b223fe8d0a0e5c4f27ead9083c756cc2,WETH,3104.300048828125,0x2ec705d306b51e486b1bc0d6ebee708e0661add1,0x7bc703a48c90da793f57b55808ae14cdd75458d6,0x577ff90b598941db6c75413a0f980ca5cde42a76,1710162587
74,0x3fbadfd097e3edf52396ca21392bbd34a2ad3aaba5297bb09f05df9af140ee20,3,Transfer,112172021076887497534483,42.313531399511085246384,0x50b0696468f42cab1ddc76413a1312aff3cabdf6,ClosedAI,0.0003772200143430382,0x7bc703a48c90da793f57b55808ae14cdd75458d6,0x577ff90b598941db6c75413a0f980ca5cde42a76,0x577ff90b598941db6c75413a0f980ca5cde42a76,1710162587
75,0x3fbadfd097e3edf52396ca21392bbd34a2ad3aaba5297bb09f05df9af140ee20,3,Transfer,1000000000000000000,3103.360107421875,None,Ethereum,3103.360107421875,0x577ff90b598941db6c75413a0f980ca5cde42a76,0x2ec705d306b51e486b1bc0d6ebee708e0661add1,0x577ff90b598941db6c75413a0f980ca5cde42a76,1710162587
76,0x3fbadfd097e3edf52396ca21392bbd34a2ad3aaba5297bb09f05df9af140ee20,3,Transfer,990000000000000000,3072.32650634765625,None,Ethereum,3103.360107421875,0x2ec705d306b51e486b1bc0d6ebee708e0661add1,0xc02aaa39b223fe8d0a0e5c4f27ead9083c756cc2,0x577ff90b598941db6c75413a0f980ca5cde42a76,1710162587
77,0x3fbadfd097e3edf52396ca21392bbd34a2ad3aaba5297bb09f05df9af140ee20,3,Transfer,10000000000000000,31.033601074218749999,None,Ethereum,3103.360107421875,0x2ec705d306b51e486b1bc0d6ebee708e0661add1,0x79ce7b3d3e36fdb203d84a37b505995ceb5f573a,0x577ff90b598941db6c75413a0f980ca5cde42a76,1710162587
78,0xbcd0572cc301ec70e7e4dd5cb4e135f7e41f14fc967a5e8ea11d7c85dc802a23,0,Mint,1280000000000000000,3973.5040624999999999,0xc02aaa39b223fe8d0a0e5c4f27ead9083c756cc2,WETH,3104.300048828125,None,0x3fc91a3afd70395cd496c647d5a6cc9d4b2b7fad,0x3e9dd8088fe88472621f67ac502b784f0d852b71,1710162623
79,0xbcd0572cc301ec70e7e4dd5cb4e135f7e41f14fc967a5e8ea11d7c85dc802a23,0,Transfer,1280000000000000000,3973.5040624999999999,0xc02aaa39b223fe8d0a0e5c4f27ead9083c756cc2,WETH,3104.300048828125,0x3fc91a3afd70395cd496c647d5a6cc9d4b2b7fad,0xa1bf0e900fb272089c9fd299ea14bfccb1d1c2c0,0x3e9dd8088fe88472621f67ac502b784f0d852b71,1710162623
80,0xbcd0572cc301ec70e7e4dd5cb4e135f7e41f14fc967a5e8ea11d7c85dc802a23,0,Transfer,5788693826611084664106633393,390215.85702018137637517482504,0x68bbed6a47194eff1cf514b50ea91895597fc91e,ANDY ETH,0.00006741000106558204,0xa1bf0e900fb272089c9fd299ea14bfccb1d1c2c0,0x3e9dd8088fe88472621f67ac502b784f0d852b71,0x3e9dd8088fe88472621f67ac502b784f0d852b71,1710162623
81,0xbcd0572cc301ec70e7e4dd5cb4e135f7e41f14fc967a5e8ea11d7c85dc802a23,0,Transfer,1280000000000000000,3972.3009374999999999,None,Ethereum,3103.360107421875,0x3e9dd8088fe88472621f67ac502b784f0d852b71,0x3fc91a3afd70395cd496c647d5a6cc9d4b2b7fad,0x3e9dd8088fe88472621f67ac502b784f0d852b71,1710162623
82,0xbcd0572cc301ec70e7e4dd5cb4e135f7e41f14fc967a5e8ea11d7c85dc802a23,0,Transfer,1280000000000000000,3972.3009374999999999,None,Ethereum,3103.360107421875,0x3fc91a3afd70395cd496c647d5a6cc9d4b2b7fad,0xc02aaa39b223fe8d0a0e5c4f27ead9083c756cc2,0x3e9dd8088fe88472621f67ac502b784f0d852b71,1710162623
83,0xbcd0572cc301ec70e7e4dd5cb4e135f7e41f14fc967a5e8ea11d7c85dc802a23,3,Mint,1280000000000000000,3973.5040624999999999,0xc02aaa39b223fe8d0a0e5c4f27ead9083c756cc2,WETH,3104.300048828125,None,0x3fc91a3afd70395cd496c647d5a6cc9d4b2b7fad,0x3e9dd8088fe88472621f67ac502b784f0d852b71,1710162623
84,0xbcd0572cc301ec70e7e4dd5cb4e135f7e41f14fc967a5e8ea11d7c85dc802a23,3,Transfer,1280000000000000000,3973.5040624999999999,0xc02aaa39b223fe8d0a0e5c4f27ead9083c756cc2,WETH,3104.300048828125,0x3fc91a3afd70395cd496c647d5a6cc9d4b2b7fad,0xa1bf0e900fb272089c9fd299ea14bfccb1d1c2c0,0x3e9dd8088fe88472621f67ac502b784f0d852b71,1710162623
85,0xbcd0572cc301ec70e7e4dd5cb4e135f7e41f14fc967a5e8ea11d7c85dc802a23,3,Transfer,5759898622640417586197050642,388274.77228983505655120088274,0x68bbed6a47194eff1cf514b50ea91895597fc91e,ANDY ETH,0.00006741000106558204,0xa1bf0e900fb272089c9fd299ea14bfccb1d1c2c0,0x3e9dd8088fe88472621f67ac502b784f0d852b71,0x3e9dd8088fe88472621f67ac502b784f0d852b71,1710162623
86,0xbcd0572cc301ec70e7e4dd5cb4e135f7e41f14fc967a5e8ea11d7c85dc802a23,3,Transfer,1280000000000000000,3972.3009374999999999,None,Ethereum,3103.360107421875,0x3e9dd8088fe88472621f67ac502b784f0d852b71,0x3fc91a3afd70395cd496c647d5a6cc9d4b2b7fad,0x3e9dd8088fe88472621f67ac502b784f0d852b71,1710162623
87,0xbcd0572cc301ec70e7e4dd5cb4e135f7e41f14fc967a5e8ea11d7c85dc802a23,3,Transfer,1280000000000000000,3972.3009374999999999,None,Ethereum,3103.360107421875,0x3fc91a3afd70395cd496c647d5a6cc9d4b2b7fad,0xc02aaa39b223fe8d0a0e5c4f27ead9083c756cc2,0x3e9dd8088fe88472621f67ac502b784f0d852b71,1710162623
88,0xc1a796c24a30a5c110b7cea4123085339445bb1953c014dd646e052f4fac510a,0,Mint,1000000000000000000,3104.300048828125,0xc02aaa39b223fe8d0a0e5c4f27ead9083c756cc2,WETH,3104.300048828125,None,0x3fc91a3afd70395cd496c647d5a6cc9d4b2b7fad,0x9449254fa5d4828fbb4af8438f72ab0607eec80e,1710162647
89,0xc1a796c24a30a5c110b7cea4123085339445bb1953c014dd646e052f4fac510a,0,Transfer,1000000000000000000,3104.300048828125,0xc02aaa39b223fe8d0a0e5c4f27ead9083c756cc2,WETH,3104.300048828125,0x3fc91a3afd70395cd496c647d5a6cc9d4b2b7fad,0x7b7d829c8a6bd5cff41d1bca34834d74a381e1ff,0x9449254fa5d4828fbb4af8438f72ab0607eec80e,1710162647
90,0xc1a796c24a30a5c110b7cea4123085339445bb1953c014dd646e052f4fac510a,0,Transfer,5456180989865072988816,9.793244887558722049079,0x56b8be7c2d3ffe0d8d6feb4d4eb4650c3ea10bb6,LocalAI,0.001794890034943819,0x7b7d829c8a6bd5cff41d1bca34834d74a381e1ff,0x56b8be7c2d3ffe0d8d6feb4d4eb4650c3ea10bb6,0x9449254fa5d4828fbb4af8438f72ab0607eec80e,1710162647
91,0xc1a796c24a30a5c110b7cea4123085339445bb1953c014dd646e052f4fac510a,0,Transfer,103667438807436386787518,186.071652863615718932509,0x56b8be7c2d3ffe0d8d6feb4d4eb4650c3ea10bb6,LocalAI,0.001794890034943819,0x7b7d829c8a6bd5cff41d1bca34834d74a381e1ff,0x9449254fa5d4828fbb4af8438f72ab0607eec80e,0x9449254fa5d4828fbb4af8438f72ab0607eec80e,1710162647
92,0xc1a796c24a30a5c110b7cea4123085339445bb1953c014dd646e052f4fac510a,0,Transfer,1000000000000000000,3103.360107421875,None,Ethereum,3103.360107421875,0x9449254fa5d4828fbb4af8438f72ab0607eec80e,0x3fc91a3afd70395cd496c647d5a6cc9d4b2b7fad,0x9449254fa5d4828fbb4af8438f72ab0607eec80e,1710162647
93,0xc1a796c24a30a5c110b7cea4123085339445bb1953c014dd646e052f4fac510a,0,Transfer,1000000000000000000,3103.360107421875,None,Ethereum,3103.360107421875,0x3fc91a3afd70395cd496c647d5a6cc9d4b2b7fad,0xc02aaa39b223fe8d0a0e5c4f27ead9083c756cc2,0x9449254fa5d4828fbb4af8438f72ab0607eec80e,1710162647
94,0xc1a796c24a30a5c110b7cea4123085339445bb1953c014dd646e052f4fac510a,2,Mint,1000000000000000000,3104.300048828125,0xc02aaa39b223fe8d0a0e5c4f27ead9083c756cc2,WETH,3104.300048828125,None,0x3fc91a3afd70395cd496c647d5a6cc9d4b2b7fad,0x9449254fa5d4828fbb4af8438f72ab0607eec80e,1710162647
95,0xc1a796c24a30a5c110b7cea4123085339445bb1953c014dd646e052f4fac510a,2,Transfer,1000000000000000000,3104.300048828125,0xc02aaa39b223fe8d0a0e5c4f27ead9083c756cc2,WETH,3104.300048828125,0x3fc91a3afd70395cd496c647d5a6cc9d4b2b7fad,0x7b7d829c8a6bd5cff41d1bca34834d74a381e1ff,0x9449254fa5d4828fbb4af8438f72ab0607eec80e,1710162647
96,0xc1a796c24a30a5c110b7cea4123085339445bb1953c014dd646e052f4fac510a,2,Transfer,4187961881938825898741,7.516931048616561391493,0x56b8be7c2d3ffe0d8d6feb4d4eb4650c3ea10bb6,LocalAI,0.001794890034943819,0x7b7d829c8a6bd5cff41d1bca34834d74a381e1ff,0x56b8be7c2d3ffe0d8d6feb4d4eb4650c3ea10bb6,0x9449254fa5d4828fbb4af8438f72ab0607eec80e,1710162647
97,0xc1a796c24a30a5c110b7cea4123085339445bb1953c014dd646e052f4fac510a,2,Transfer,79571275756837692076081,142.821689923714666438372,0x56b8be7c2d3ffe0d8d6feb4d4eb4650c3ea10bb6,LocalAI,0.001794890034943819,0x7b7d829c8a6bd5cff41d1bca34834d74a381e1ff,0x9449254fa5d4828fbb4af8438f72ab0607eec80e,0x9449254fa5d4828fbb4af8438f72ab0607eec80e,1710162647
98,0xc1a796c24a30a5c110b7cea4123085339445bb1953c014dd646e052f4fac510a,2,Transfer,1000000000000000000,3103.360107421875,None,Ethereum,3103.360107421875,0x9449254fa5d4828fbb4af8438f72ab0607eec80e,0x3fc91a3afd70395cd496c647d5a6cc9d4b2b7fad,0x9449254fa5d4828fbb4af8438f72ab0607eec80e,1710162647
99,0xc1a796c24a30a5c110b7cea4123085339445bb1953c014dd646e052f4fac510a,2,Transfer,1000000000000000000,3103.360107421875,None,Ethereum,3103.360107421875,0x3fc91a3afd70395cd496c647d5a6cc9d4b2b7fad,0xc02aaa39b223fe8d0a0e5c4f27ead9083c756cc2,0x9449254fa5d4828fbb4af8438f72ab0607eec80e,1710162647
105,0xb9de9f69f52607d2661ef19d7ddd565d86d56ee8a8efe54c7ef06c620b72485a,0,Transfer,667470686473704476,2072.0292846116629177,0xc02aaa39b223fe8d0a0e5c4f27ead9083c756cc2,WETH,3104.300048828125,0x75b5b2528ec04d27f4a67c5657805847db7ea63a,0xa7bfc948d6e5b50cafb868aa75c5cefd7324c902,0x75b5b2528ec04d27f4a67c5657805847db7ea63a,1710162695
106,0xb9de9f69f52607d2661ef19d7ddd565d86d56ee8a8efe54c7ef06c620b72485a,0,Transfer,160355802005886697238017,,0x50a69cea809b4afed9a31a72f049a5b0b33bf5e3,None,None,0xa7bfc948d6e5b50cafb868aa75c5cefd7324c902,0x75b5b2528ec04d27f4a67c5657805847db7ea63a,0x75b5b2528ec04d27f4a67c5657805847db7ea63a,1710162695
107,0xb9de9f69f52607d2661ef19d7ddd565d86d56ee8a8efe54c7ef06c620b72485a,2,Transfer,667470686473704476,2072.0292846116629177,0xc02aaa39b223fe8d0a0e5c4f27ead9083c756cc2,WETH,3104.300048828125,0x75b5b2528ec04d27f4a67c5657805847db7ea63a,0xa7bfc948d6e5b50cafb868aa75c5cefd7324c902,0x75b5b2528ec04d27f4a67c5657805847db7ea63a,1710162695
108,0xb9de9f69f52607d2661ef19d7ddd565d86d56ee8a8efe54c7ef06c620b72485a,2,Transfer,143012632486719740949632,,0x50a69cea809b4afed9a31a72f049a5b0b33bf5e3,None,None,0xa7bfc948d6e5b50cafb868aa75c5cefd7324c902,0x75b5b2528ec04d27f4a67c5657805847db7ea63a,0x75b5b2528ec04d27f4a67c5657805847db7ea63a,1710162695
109,0xe3871507ad9fe26dd3b88e5b30185726417a222d2105a22354e052716e8877d1,0,Mint,100000000000000000,310.43000488281250002,0xc02aaa39b223fe8d0a0e5c4f27ead9083c756cc2,WETH,3104.300048828125,None,0x3fc91a3afd70395cd496c647d5a6cc9d4b2b7fad,0xf35d238babbd1276bd44bbbe3cc51e78c97c49f0,1710162707
110,0xe3871507ad9fe26dd3b88e5b30185726417a222d2105a22354e052716e8877d1,0,Transfer,100000000000000000,310.43000488281250002,0xc02aaa39b223fe8d0a0e5c4f27ead9083c756cc2,WETH,3104.300048828125,0x3fc91a3afd70395cd496c647d5a6cc9d4b2b7fad,0x315dcf704ce9b07631a0d5c6ca06f3ce692ca5c5,0xf35d238babbd1276bd44bbbe3cc51e78c97c49f0,1710162707
111,0xe3871507ad9fe26dd3b88e5b30185726417a222d2105a22354e052716e8877d1,0,Transfer,101262941798021364435146,,0x1db61c337e5216941f53e6a0e41eed9640aec8bb,None,None,0x315dcf704ce9b07631a0d5c6ca06f3ce692ca5c5,0xf35d238babbd1276bd44bbbe3cc51e78c97c49f0,0xf35d238babbd1276bd44bbbe3cc51e78c97c49f0,1710162707
112,0xe3871507ad9fe26dd3b88e5b30185726417a222d2105a22354e052716e8877d1,0,Transfer,100000000000000000,310.33601074218750002,None,Ethereum,3103.360107421875,0xf35d238babbd1276bd44bbbe3cc51e78c97c49f0,0x3fc91a3afd70395cd496c647d5a6cc9d4b2b7fad,0xf35d238babbd1276bd44bbbe3cc51e78c97c49f0,1710162707
113,0xe3871507ad9fe26dd3b88e5b30185726417a222d2105a22354e052716e8877d1,0,Transfer,100000000000000000,310.33601074218750002,None,Ethereum,3103.360107421875,0x3fc91a3afd70395cd496c647d5a6cc9d4b2b7fad,0xc02aaa39b223fe8d0a0e5c4f27ead9083c756cc2,0xf35d238babbd1276bd44bbbe3cc51e78c97c49f0,1710162707
114,0xe3871507ad9fe26dd3b88e5b30185726417a222d2105a22354e052716e8877d1,4,Mint,100000000000000000,310.43000488281250002,0xc02aaa39b223fe8d0a0e5c4f27ead9083c756cc2,WETH,3104.300048828125,None,0x3fc91a3afd70395cd496c647d5a6cc9d4b2b7fad,0xf35d238babbd1276bd44bbbe3cc51e78c97c49f0,1710162707
115,0xe3871507ad9fe26dd3b88e5b30185726417a222d2105a22354e052716e8877d1,4,Transfer,100000000000000000,310.43000488281250002,0xc02aaa39b223fe8d0a0e5c4f27ead9083c756cc2,WETH,3104.300048828125,0x3fc91a3afd70395cd496c647d5a6cc9d4b2b7fad,0x315dcf704ce9b07631a0d5c6ca06f3ce692ca5c5,0xf35d238babbd1276bd44bbbe3cc51e78c97c49f0,1710162707
116,0xe3871507ad9fe26dd3b88e5b30185726417a222d2105a22354e052716e8877d1,4,Transfer,69836624520668811608615,,0x1db61c337e5216941f53e6a0e41eed9640aec8bb,None,None,0x315dcf704ce9b07631a0d5c6ca06f3ce692ca5c5,0xf35d238babbd1276bd44bbbe3cc51e78c97c49f0,0xf35d238babbd1276bd44bbbe3cc51e78c97c49f0,1710162707
117,0xe3871507ad9fe26dd3b88e5b30185726417a222d2105a22354e052716e8877d1,4,Transfer,100000000000000000,310.33601074218750002,None,Ethereum,3103.360107421875,0xf35d238babbd1276bd44bbbe3cc51e78c97c49f0,0x3fc91a3afd70395cd496c647d5a6cc9d4b2b7fad,0xf35d238babbd1276bd44bbbe3cc51e78c97c49f0,1710162707
118,0xe3871507ad9fe26dd3b88e5b30185726417a222d2105a22354e052716e8877d1,4,Transfer,100000000000000000,310.33601074218750002,None,Ethereum,3103.360107421875,0x3fc91a3afd70395cd496c647d5a6cc9d4b2b7fad,0xc02aaa39b223fe8d0a0e5c4f27ead9083c756cc2,0xf35d238babbd1276bd44bbbe3cc51e78c97c49f0,1710162707
119,0x623bae0e273896d748142353d5cec32276bf7f49b0ecded6d01eec70d57b6642,0,Mint,2000000000000000000,6208.60009765625,0xc02aaa39b223fe8d0a0e5c4f27ead9083c756cc2,WETH,3104.300048828125,None,0x3fc91a3afd70395cd496c647d5a6cc9d4b2b7fad,0x1518c211f611114decd1842894e08b803afcd27b,1710162863
120,0x623bae0e273896d748142353d5cec32276bf7f49b0ecded6d01eec70d57b6642,0,Transfer,11496317060978536404901,2319.4739062545320136585,0x8c282c35b5e1088bb208991c151182a782637699,Monai,0.2017579972743988,0xed4a344f5f1c293881fc65ab37d0d07eba130e11,0x1518c211f611114decd1842894e08b803afcd27b,0x1518c211f611114decd1842894e08b803afcd27b,1710162863
121,0x623bae0e273896d748142353d5cec32276bf7f49b0ecded6d01eec70d57b6642,0,Transfer,2000000000000000000,6208.60009765625,0xc02aaa39b223fe8d0a0e5c4f27ead9083c756cc2,WETH,3104.300048828125,0x3fc91a3afd70395cd496c647d5a6cc9d4b2b7fad,0xed4a344f5f1c293881fc65ab37d0d07eba130e11,0x1518c211f611114decd1842894e08b803afcd27b,1710162863
122,0x623bae0e273896d748142353d5cec32276bf7f49b0ecded6d01eec70d57b6642,0,Transfer,2000000000000000000,6206.72021484375,None,Ethereum,3103.360107421875,0x1518c211f611114decd1842894e08b803afcd27b,0x3fc91a3afd70395cd496c647d5a6cc9d4b2b7fad,0x1518c211f611114decd1842894e08b803afcd27b,1710162863
123,0x623bae0e273896d748142353d5cec32276bf7f49b0ecded6d01eec70d57b6642,0,Transfer,2000000000000000000,6206.72021484375,None,Ethereum,3103.360107421875,0x3fc91a3afd70395cd496c647d5a6cc9d4b2b7fad,0xc02aaa39b223fe8d0a0e5c4f27ead9083c756cc2,0x1518c211f611114decd1842894e08b803afcd27b,1710162863
124,0x623bae0e273896d748142353d5cec32276bf7f49b0ecded6d01eec70d57b6642,1,Mint,2000000000000000000,6208.60009765625,0xc02aaa39b223fe8d0a0e5c4f27ead9083c756cc2,WETH,3104.300048828125,None,0x3fc91a3afd70395cd496c647d5a6cc9d4b2b7fad,0x1518c211f611114decd1842894e08b803afcd27b,1710162863
125,0x623bae0e273896d748142353d5cec32276bf7f49b0ecded6d01eec70d57b6642,1,Transfer,11185489433673342171002,2256.7619466718827882384,0x8c282c35b5e1088bb208991c151182a782637699,Monai,0.2017579972743988,0xed4a344f5f1c293881fc65ab37d0d07eba130e11,0x1518c211f611114decd1842894e08b803afcd27b,0x1518c211f611114decd1842894e08b803afcd27b,1710162863
126,0x623bae0e273896d748142353d5cec32276bf7f49b0ecded6d01eec70d57b6642,1,Transfer,2000000000000000000,6208.60009765625,0xc02aaa39b223fe8d0a0e5c4f27ead9083c756cc2,WETH,3104.300048828125,0x3fc91a3afd70395cd496c647d5a6cc9d4b2b7fad,0xed4a344f5f1c293881fc65ab37d0d07eba130e11,0x1518c211f611114decd1842894e08b803afcd27b,1710162863
127,0x623bae0e273896d748142353d5cec32276bf7f49b0ecded6d01eec70d57b6642,1,Transfer,2000000000000000000,6206.72021484375,None,Ethereum,3103.360107421875,0x1518c211f611114decd1842894e08b803afcd27b,0x3fc91a3afd70395cd496c647d5a6cc9d4b2b7fad,0x1518c211f611114decd1842894e08b803afcd27b,1710162863
128,0x623bae0e273896d748142353d5cec32276bf7f49b0ecded6d01eec70d57b6642,1,Transfer,2000000000000000000,6206.72021484375,None,Ethereum,3103.360107421875,0x3fc91a3afd70395cd496c647d5a6cc9d4b2b7fad,0xc02aaa39b223fe8d0a0e5c4f27ead9083c756cc2,0x1518c211f611114decd1842894e08b803afcd27b,1710162863
129,0xaca942abdc6cc4dfc3b5a59bf946115e815391475311a28870b2b7448fc0e1d9,0,Transfer,669053756907315428,2076.9436102360197571,0xc02aaa39b223fe8d0a0e5c4f27ead9083c756cc2,WETH,3104.300048828125,0x331399c614ca67dee86733e5a2fba40dbb16827c,0x898fcb7b4e3bee37ebb0ca3a3fbd08cefdc8c995,0x22728c62a44bc7f1fbb8f9f22e0ff13a5d1f791b,1710162935
130,0xaca942abdc6cc4dfc3b5a59bf946115e815391475311a28870b2b7448fc0e1d9,0,Transfer,5000000000000000000000000000,940.4850231931050075218081474,0xb9f599ce614feb2e1bbe58f180f370d05b39344e,PepeFork,0.000000188097004638621,0x22728c62a44bc7f1fbb8f9f22e0ff13a5d1f791b,0x331399c614ca67dee86733e5a2fba40dbb16827c,0x22728c62a44bc7f1fbb8f9f22e0ff13a5d1f791b,1710162935
131,0xaca942abdc6cc4dfc3b5a59bf946115e815391475311a28870b2b7448fc0e1d9,0,Transfer,0,0,0xc02aaa39b223fe8d0a0e5c4f27ead9083c756cc2,WETH,3104.300048828125,0x3fc91a3afd70395cd496c647d5a6cc9d4b2b7fad,0x898fcb7b4e3bee37ebb0ca3a3fbd08cefdc8c995,0x22728c62a44bc7f1fbb8f9f22e0ff13a5d1f791b,1710162935
132,0xaca942abdc6cc4dfc3b5a59bf946115e815391475311a28870b2b7448fc0e1d9,0,Transfer,401581243824112618601,1210.3658441954683864,0x21e5c85a5b1f38bddde68307af77e38f747cd530,Doggensnout Skeptic,0.0000000030139999385170313,0x898fcb7b4e3bee37ebb0ca3a3fbd08cefdc8c995,0x22728c62a44bc7f1fbb8f9f22e0ff13a5d1f791b,0x22728c62a44bc7f1fbb8f9f22e0ff13a5d1f791b,1710162935
133,0xaca942abdc6cc4dfc3b5a59bf946115e815391475311a28870b2b7448fc0e1d9,2,Transfer,669053756907315428,2076.9436102360197571,0xc02aaa39b223fe8d0a0e5c4f27ead9083c756cc2,WETH,3104.300048828125,0x331399c614ca67dee86733e5a2fba40dbb16827c,0x898fcb7b4e3bee37ebb0ca3a3fbd08cefdc8c995,0x22728c62a44bc7f1fbb8f9f22e0ff13a5d1f791b,1710162935
134,0xaca942abdc6cc4dfc3b5a59bf946115e815391475311a28870b2b7448fc0e1d9,2,Transfer,5000000000000000000000000000,940.4850231931050075218081474,0xb9f599ce614feb2e1bbe58f180f370d05b39344e,PepeFork,0.000000188097004638621,0x22728c62a44bc7f1fbb8f9f22e0ff13a5d1f791b,0x331399c614ca67dee86733e5a2fba40dbb16827c,0x22728c62a44bc7f1fbb8f9f22e0ff13a5d1f791b,1710162935
135,0xaca942abdc6cc4dfc3b5a59bf946115e815391475311a28870b2b7448fc0e1d9,2,Transfer,0,0,0xc02aaa39b223fe8d0a0e5c4f27ead9083c756cc2,WETH,3104.300048828125,0x3fc91a3afd70395cd496c647d5a6cc9d4b2b7fad,0x898fcb7b4e3bee37ebb0ca3a3fbd08cefdc8c995,0x22728c62a44bc7f1fbb8f9f22e0ff13a5d1f791b,1710162935
136,0xaca942abdc6cc4dfc3b5a59bf946115e815391475311a28870b2b7448fc0e1d9,2,Transfer,390036258895201134090,1175.569260329549119152,0x21e5c85a5b1f38bddde68307af77e38f747cd530,Doggensnout Skeptic,0.0000000030139999385170313,0x898fcb7b4e3bee37ebb0ca3a3fbd08cefdc8c995,0x22728c62a44bc7f1fbb8f9f22e0ff13a5d1f791b,0x22728c62a44bc7f1fbb8f9f22e0ff13a5d1f791b,1710162935
137,0xe081cfe651591ab6525ad185ca38ad9bfe3f6154e9811cb820e3b46af1e5bc9a,0,Transfer,1864890565327657421,5789.179873005756567,0xc02aaa39b223fe8d0a0e5c4f27ead9083c756cc2,WETH,3104.300048828125,0x0b1d8faff1fe1ead5ab05729b0739d758ed26024,0x3fc91a3afd70395cd496c647d5a6cc9d4b2b7fad,0x711281c1b26aaed86e40e4caaf76c1962b45e161,1710162983
138,0xe081cfe651591ab6525ad185ca38ad9bfe3f6154e9811cb820e3b46af1e5bc9a,0,Transfer,10000000000000000000,,0x857ffc55b1aa61a7ff847c82072790cae73cd883,None,None,0x711281c1b26aaed86e40e4caaf76c1962b45e161,0x0b1d8faff1fe1ead5ab05729b0739d758ed26024,0x711281c1b26aaed86e40e4caaf76c1962b45e161,1710162983
139,0xe081cfe651591ab6525ad185ca38ad9bfe3f6154e9811cb820e3b46af1e5bc9a,0,Burn,1864890565327657421,5789.179873005756567,0xc02aaa39b223fe8d0a0e5c4f27ead9083c756cc2,WETH,3104.300048828125,0x3fc91a3afd70395cd496c647d5a6cc9d4b2b7fad,None,0x711281c1b26aaed86e40e4caaf76c1962b45e161,1710162983
140,0xe081cfe651591ab6525ad185ca38ad9bfe3f6154e9811cb820e3b46af1e5bc9a,0,Transfer,1864890565327657421,5787.426985145280131,None,Ethereum,3103.360107421875,0xc02aaa39b223fe8d0a0e5c4f27ead9083c756cc2,0x3fc91a3afd70395cd496c647d5a6cc9d4b2b7fad,0x711281c1b26aaed86e40e4caaf76c1962b45e161,1710162983
141,0xe081cfe651591ab6525ad185ca38ad9bfe3f6154e9811cb820e3b46af1e5bc9a,0,Transfer,1864890565327657421,5787.426985145280131,None,Ethereum,3103.360107421875,0x3fc91a3afd70395cd496c647d5a6cc9d4b2b7fad,0x711281c1b26aaed86e40e4caaf76c1962b45e161,0x711281c1b26aaed86e40e4caaf76c1962b45e161,1710162983
142,0xe081cfe651591ab6525ad185ca38ad9bfe3f6154e9811cb820e3b46af1e5bc9a,2,Transfer,1825667058196569302,5667.41833790350941,0xc02aaa39b223fe8d0a0e5c4f27ead9083c756cc2,WETH,3104.300048828125,0x0b1d8faff1fe1ead5ab05729b0739d758ed26024,0x3fc91a3afd70395cd496c647d5a6cc9d4b2b7fad,0x711281c1b26aaed86e40e4caaf76c1962b45e161,1710162983
143,0xe081cfe651591ab6525ad185ca38ad9bfe3f6154e9811cb820e3b46af1e5bc9a,2,Transfer,10000000000000000000,,0x857ffc55b1aa61a7ff847c82072790cae73cd883,None,None,0x711281c1b26aaed86e40e4caaf76c1962b45e161,0x0b1d8faff1fe1ead5ab05729b0739d758ed26024,0x711281c1b26aaed86e40e4caaf76c1962b45e161,1710162983
144,0xe081cfe651591ab6525ad185ca38ad9bfe3f6154e9811cb820e3b46af1e5bc9a,2,Burn,1825667058196569302,5667.41833790350941,0xc02aaa39b223fe8d0a0e5c4f27ead9083c756cc2,WETH,3104.300048828125,0x3fc91a3afd70395cd496c647d5a6cc9d4b2b7fad,None,0x711281c1b26aaed86e40e4caaf76c1962b45e161,1710162983
145,0xe081cfe651591ab6525ad185ca38ad9bfe3f6154e9811cb820e3b46af1e5bc9a,2,Transfer,1825667058196569302,5665.7023178414838265,None,Ethereum,3103.360107421875,0xc02aaa39b223fe8d0a0e5c4f27ead9083c756cc2,0x3fc91a3afd70395cd496c647d5a6cc9d4b2b7fad,0x711281c1b26aaed86e40e4caaf76c1962b45e161,1710162983
146,0xe081cfe651591ab6525ad185ca38ad9bfe3f6154e9811cb820e3b46af1e5bc9a,2,Transfer,1825667058196569302,5665.7023178414838265,None,Ethereum,3103.360107421875,0x3fc91a3afd70395cd496c647d5a6cc9d4b2b7fad,0x711281c1b26aaed86e40e4caaf76c1962b45e161,0x711281c1b26aaed86e40e4caaf76c1962b45e161,1710162983
147,0xcb677604ed47003bbb69511bed33c74a3f2a262e3e508337682b3536d6d64995,0,Transfer,330029074933742,4576.490168751381627,0x8390a1da07e376ef7add4be859ba74fb83aa02d5,Grok,0.013866930268704891,0xdd2438bb231bed12de2f46b352c8252c43351d27,0x69c66beafb06674db41b22cfc50c34a93b8d82a2,0xdd2438bb231bed12de2f46b352c8252c43351d27,1710163031
148,0xcb677604ed47003bbb69511bed33c74a3f2a262e3e508337682b3536d6d64995,0,Transfer,1339369427490765177,4157.8045791584801654,0xc02aaa39b223fe8d0a0e5c4f27ead9083c756cc2,WETH,3104.300048828125,0x69c66beafb06674db41b22cfc50c34a93b8d82a2,0x898fcb7b4e3bee37ebb0ca3a3fbd08cefdc8c995,0xdd2438bb231bed12de2f46b352c8252c43351d27,1710163031
149,0xcb677604ed47003bbb69511bed33c74a3f2a262e3e508337682b3536d6d64995,0,Transfer,657769821185164791336,1982.518200610445350866,0x21e5c85a5b1f38bddde68307af77e38f747cd530,Doggensnout Skeptic,0.0000000030139999385170313,0x898fcb7b4e3bee37ebb0ca3a3fbd08cefdc8c995,0xdd2438bb231bed12de2f46b352c8252c43351d27,0xdd2438bb231bed12de2f46b352c8252c43351d27,1710163031
150,0xcb677604ed47003bbb69511bed33c74a3f2a262e3e508337682b3536d6d64995,2,Transfer,330029074933742,4576.490168751381627,0x8390a1da07e376ef7add4be859ba74fb83aa02d5,Grok,0.013866930268704891,0xdd2438bb231bed12de2f46b352c8252c43351d27,0x69c66beafb06674db41b22cfc50c34a93b8d82a2,0xdd2438bb231bed12de2f46b352c8252c43351d27,1710163031
151,0xcb677604ed47003bbb69511bed33c74a3f2a262e3e508337682b3536d6d64995,2,Transfer,1339369427490765177,4157.8045791584801654,0xc02aaa39b223fe8d0a0e5c4f27ead9083c756cc2,WETH,3104.300048828125,0x69c66beafb06674db41b22cfc50c34a93b8d82a2,0x898fcb7b4e3bee37ebb0ca3a3fbd08cefdc8c995,0xdd2438bb231bed12de2f46b352c8252c43351d27,1710163031
152,0xcb677604ed47003bbb69511bed33c74a3f2a262e3e508337682b3536d6d64995,2,Transfer,647119341575911148975,1950.417655722977977284,0x21e5c85a5b1f38bddde68307af77e38f747cd530,Doggensnout Skeptic,0.0000000030139999385170313,0x898fcb7b4e3bee37ebb0ca3a3fbd08cefdc8c995,0xdd2438bb231bed12de2f46b352c8252c43351d27,0xdd2438bb231bed12de2f46b352c8252c43351d27,1710163031
153,0xaad7774f70fccad4b551f32964baa56254dc0796f8ea4192040b836ab97b06d4,0,Transfer,986994230302446247,3063.926237320961536,0xc02aaa39b223fe8d0a0e5c4f27ead9083c756cc2,WETH,3104.300048828125,0x88e6a0c2ddd26feeb64f039a2c41296fcb3f5640,0x7edc297010f04c4e82b997bd60ef7eeaf9c360d5,0x711281c1b26aaed86e40e4caaf76c1962b45e161,1710163055
154,0xaad7774f70fccad4b551f32964baa56254dc0796f8ea4192040b836ab97b06d4,0,Transfer,4000000000,4000,0xa0b86991c6218b36c1d19d4a2e9eb0ce3606eb48,USDC,1,0x711281c1b26aaed86e40e4caaf76c1962b45e161,0x88e6a0c2ddd26feeb64f039a2c41296fcb3f5640,0x711281c1b26aaed86e40e4caaf76c1962b45e161,1710163055
155,0xaad7774f70fccad4b551f32964baa56254dc0796f8ea4192040b836ab97b06d4,0,Transfer,0,0,0xc02aaa39b223fe8d0a0e5c4f27ead9083c756cc2,WETH,3104.300048828125,0x3fc91a3afd70395cd496c647d5a6cc9d4b2b7fad,0x7edc297010f04c4e82b997bd60ef7eeaf9c360d5,0x711281c1b26aaed86e40e4caaf76c1962b45e161,1710163055
156,0xaad7774f70fccad4b551f32964baa56254dc0796f8ea4192040b836ab97b06d4,0,Transfer,739617670956575,,0xc548e90589b166e1364de744e6d35d8748996fe8,None,None,0x7edc297010f04c4e82b997bd60ef7eeaf9c360d5,0x711281c1b26aaed86e40e4caaf76c1962b45e161,0x711281c1b26aaed86e40e4caaf76c1962b45e161,1710163055
157,0xaad7774f70fccad4b551f32964baa56254dc0796f8ea4192040b836ab97b06d4,2,Transfer,986997220107962252,3063.935518574370857,0xc02aaa39b223fe8d0a0e5c4f27ead9083c756cc2,WETH,3104.300048828125,0x88e6a0c2ddd26feeb64f039a2c41296fcb3f5640,0x7edc297010f04c4e82b997bd60ef7eeaf9c360d5,0x711281c1b26aaed86e40e4caaf76c1962b45e161,1710163055
158,0xaad7774f70fccad4b551f32964baa56254dc0796f8ea4192040b836ab97b06d4,2,Transfer,4000000000,4000,0xa0b86991c6218b36c1d19d4a2e9eb0ce3606eb48,USDC,1,0x711281c1b26aaed86e40e4caaf76c1962b45e161,0x88e6a0c2ddd26feeb64f039a2c41296fcb3f5640,0x711281c1b26aaed86e40e4caaf76c1962b45e161,1710163055
159,0xaad7774f70fccad4b551f32964baa56254dc0796f8ea4192040b836ab97b06d4,2,Transfer,0,0,0xc02aaa39b223fe8d0a0e5c4f27ead9083c756cc2,WETH,3104.300048828125,0x3fc91a3afd70395cd496c647d5a6cc9d4b2b7fad,0x7edc297010f04c4e82b997bd60ef7eeaf9c360d5,0x711281c1b26aaed86e40e4caaf76c1962b45e161,1710163055
160,0xaad7774f70fccad4b551f32964baa56254dc0796f8ea4192040b836ab97b06d4,2,Transfer,466225481228063,,0xc548e90589b166e1364de744e6d35d8748996fe8,None,None,0x7edc297010f04c4e82b997bd60ef7eeaf9c360d5,0x711281c1b26aaed86e40e4caaf76c1962b45e161,0x711281c1b26aaed86e40e4caaf76c1962b45e161,1710163055
161,0xf575687f780edd7918193dcfe97f5f2d871ea275b9c77d6444e09ab0c0cf8f7b,0,Transfer,4135947328866259130353965054,11994.247364490420101297590663,0xf017d3690346eb8234b85f74cee5e15821fee1f4,GEKKO,0.000002900000026784255,0x37dba85dcfd0386f19fb56fd8032785e951c1697,0xda2d09fbbf8ee4b5051a0e9b562c5fcb4b393b18,0x37dba85dcfd0386f19fb56fd8032785e951c1697,1710163067
162,0xf575687f780edd7918193dcfe97f5f2d871ea275b9c77d6444e09ab0c0cf8f7b,0,Transfer,8146945662705058758,25290.56381853539509,0xc02aaa39b223fe8d0a0e5c4f27ead9083c756cc2,WETH,3104.300048828125,0xda2d09fbbf8ee4b5051a0e9b562c5fcb4b393b18,0x3fc91a3afd70395cd496c647d5a6cc9d4b2b7fad,0x37dba85dcfd0386f19fb56fd8032785e951c1697,1710163067
163,0xf575687f780edd7918193dcfe97f5f2d871ea275b9c77d6444e09ab0c0cf8f7b,0,Burn,8146945662705058758,25290.56381853539509,0xc02aaa39b223fe8d0a0e5c4f27ead9083c756cc2,WETH,3104.300048828125,0x3fc91a3afd70395cd496c647d5a6cc9d4b2b7fad,None,0x37dba85dcfd0386f19fb56fd8032785e951c1697,1710163067
164,0xf575687f780edd7918193dcfe97f5f2d871ea275b9c77d6444e09ab0c0cf8f7b,0,Transfer,8146945662705058758,25282.906166972549759,None,Ethereum,3103.360107421875,0xc02aaa39b223fe8d0a0e5c4f27ead9083c756cc2,0x3fc91a3afd70395cd496c647d5a6cc9d4b2b7fad,0x37dba85dcfd0386f19fb56fd8032785e951c1697,1710163067
165,0xf575687f780edd7918193dcfe97f5f2d871ea275b9c77d6444e09ab0c0cf8f7b,0,Transfer,8146945662705058758,25282.906166972549759,None,Ethereum,3103.360107421875,0x3fc91a3afd70395cd496c647d5a6cc9d4b2b7fad,0x37dba85dcfd0386f19fb56fd8032785e951c1697,0x37dba85dcfd0386f19fb56fd8032785e951c1697,1710163067
166,0xf575687f780edd7918193dcfe97f5f2d871ea275b9c77d6444e09ab0c0cf8f7b,1,Transfer,4135947328866259130353965054,11994.247364490420101297590663,0xf017d3690346eb8234b85f74cee5e15821fee1f4,GEKKO,0.000002900000026784255,0x37dba85dcfd0386f19fb56fd8032785e951c1697,0xda2d09fbbf8ee4b5051a0e9b562c5fcb4b393b18,0x37dba85dcfd0386f19fb56fd8032785e951c1697,1710163067
167,0xf575687f780edd7918193dcfe97f5f2d871ea275b9c77d6444e09ab0c0cf8f7b,1,Transfer,8106416959399586222,25164.750562885276105,0xc02aaa39b223fe8d0a0e5c4f27ead9083c756cc2,WETH,3104.300048828125,0xda2d09fbbf8ee4b5051a0e9b562c5fcb4b393b18,0x3fc91a3afd70395cd496c647d5a6cc9d4b2b7fad,0x37dba85dcfd0386f19fb56fd8032785e951c1697,1710163067
168,0xf575687f780edd7918193dcfe97f5f2d871ea275b9c77d6444e09ab0c0cf8f7b,1,Burn,8106416959399586222,25164.750562885276105,0xc02aaa39b223fe8d0a0e5c4f27ead9083c756cc2,WETH,3104.300048828125,0x3fc91a3afd70395cd496c647d5a6cc9d4b2b7fad,None,0x37dba85dcfd0386f19fb56fd8032785e951c1697,1710163067
169,0xf575687f780edd7918193dcfe97f5f2d871ea275b9c77d6444e09ab0c0cf8f7b,1,Transfer,8106416959399586222,25157.13100592880921,None,Ethereum,3103.360107421875,0xc02aaa39b223fe8d0a0e5c4f27ead9083c756cc2,0x3fc91a3afd70395cd496c647d5a6cc9d4b2b7fad,0x37dba85dcfd0386f19fb56fd8032785e951c1697,1710163067
170,0xf575687f780edd7918193dcfe97f5f2d871ea275b9c77d6444e09ab0c0cf8f7b,1,Transfer,8106416959399586222,25157.13100592880921,None,Ethereum,3103.360107421875,0x3fc91a3afd70395cd496c647d5a6cc9d4b2b7fad,0x37dba85dcfd0386f19fb56fd8032785e951c1697,0x37dba85dcfd0386f19fb56fd8032785e951c1697,1710163067
171,0x4d8761e86be1ac935c925e4ac28513872a38583d4bf60223a0716a45ec617999,0,Transfer,88169889785425,3210.364568526954298,0x8aec4bbdcfb451aa289bfbd3c2f4e34a44ada1be,dogwifhat Eth,0.03641112148761749,0xc9673a6be5d35f15afe8b380db20a4ef5d451d6d,0x11c20a3b83ff206e4ab6b5935d766564925b8b2b,0xc9673a6be5d35f15afe8b380db20a4ef5d451d6d,1710163079
172,0x4d8761e86be1ac935c925e4ac28513872a38583d4bf60223a0716a45ec617999,0,Transfer,1035457321234391778,3214.3702128673619098,0xc02aaa39b223fe8d0a0e5c4f27ead9083c756cc2,WETH,3104.300048828125,0x11c20a3b83ff206e4ab6b5935d766564925b8b2b,0x3fc91a3afd70395cd496c647d5a6cc9d4b2b7fad,0xc9673a6be5d35f15afe8b380db20a4ef5d451d6d,1710163079
173,0x4d8761e86be1ac935c925e4ac28513872a38583d4bf60223a0716a45ec617999,0,Burn,1035457321234391778,3214.3702128673619098,0xc02aaa39b223fe8d0a0e5c4f27ead9083c756cc2,WETH,3104.300048828125,0x3fc91a3afd70395cd496c647d5a6cc9d4b2b7fad,None,0xc9673a6be5d35f15afe8b380db20a4ef5d451d6d,1710163079
174,0x4d8761e86be1ac935c925e4ac28513872a38583d4bf60223a0716a45ec617999,0,Transfer,1035457321234391778,3213.3969436567289977,None,Ethereum,3103.360107421875,0xc02aaa39b223fe8d0a0e5c4f27ead9083c756cc2,0x3fc91a3afd70395cd496c647d5a6cc9d4b2b7fad,0xc9673a6be5d35f15afe8b380db20a4ef5d451d6d,1710163079
175,0x4d8761e86be1ac935c925e4ac28513872a38583d4bf60223a0716a45ec617999,0,Transfer,1035457321234391778,3213.3969436567289977,None,Ethereum,3103.360107421875,0x3fc91a3afd70395cd496c647d5a6cc9d4b2b7fad,0xc9673a6be5d35f15afe8b380db20a4ef5d451d6d,0xc9673a6be5d35f15afe8b380db20a4ef5d451d6d,1710163079
176,0x4d8761e86be1ac935c925e4ac28513872a38583d4bf60223a0716a45ec617999,1,Transfer,88169889785425,3210.364568526954298,0x8aec4bbdcfb451aa289bfbd3c2f4e34a44ada1be,dogwifhat Eth,0.03641112148761749,0xc9673a6be5d35f15afe8b380db20a4ef5d451d6d,0x11c20a3b83ff206e4ab6b5935d766564925b8b2b,0xc9673a6be5d35f15afe8b380db20a4ef5d451d6d,1710163079
177,0x4d8761e86be1ac935c925e4ac28513872a38583d4bf60223a0716a45ec617999,1,Transfer,995632191758750461,3090.7410614915421694,0xc02aaa39b223fe8d0a0e5c4f27ead9083c756cc2,WETH,3104.300048828125,0x11c20a3b83ff206e4ab6b5935d766564925b8b2b,0x3fc91a3afd70395cd496c647d5a6cc9d4b2b7fad,0xc9673a6be5d35f15afe8b380db20a4ef5d451d6d,1710163079
178,0x4d8761e86be1ac935c925e4ac28513872a38583d4bf60223a0716a45ec617999,1,Burn,995632191758750461,3090.7410614915421694,0xc02aaa39b223fe8d0a0e5c4f27ead9083c756cc2,WETH,3104.300048828125,0x3fc91a3afd70395cd496c647d5a6cc9d4b2b7fad,None,0xc9673a6be5d35f15afe8b380db20a4ef5d451d6d,1710163079
179,0x4d8761e86be1ac935c925e4ac28513872a38583d4bf60223a0716a45ec617999,1,Transfer,995632191758750461,3089.8052255691126797,None,Ethereum,3103.360107421875,0xc02aaa39b223fe8d0a0e5c4f27ead9083c756cc2,0x3fc91a3afd70395cd496c647d5a6cc9d4b2b7fad,0xc9673a6be5d35f15afe8b380db20a4ef5d451d6d,1710163079
180,0x4d8761e86be1ac935c925e4ac28513872a38583d4bf60223a0716a45ec617999,1,Transfer,995632191758750461,3089.8052255691126797,None,Ethereum,3103.360107421875,0x3fc91a3afd70395cd496c647d5a6cc9d4b2b7fad,0xc9673a6be5d35f15afe8b380db20a4ef5d451d6d,0xc9673a6be5d35f15afe8b380db20a4ef5d451d6d,1710163079
181,0x36453126f7b08f65178da484754a9195f7f044b032bcbdcd243a33a38cf7c813,0,Mint,7500000000000000000,23282.2503662109375,0xc02aaa39b223fe8d0a0e5c4f27ead9083c756cc2,WETH,3104.300048828125,None,0x3fc91a3afd70395cd496c647d5a6cc9d4b2b7fad,0xc20eefbda09dded708b0575cc27b2221ce133795,1710163091
182,0x36453126f7b08f65178da484754a9195f7f044b032bcbdcd243a33a38cf7c813,0,Transfer,7500000000000000000,23282.2503662109375,0xc02aaa39b223fe8d0a0e5c4f27ead9083c756cc2,WETH,3104.300048828125,0x3fc91a3afd70395cd496c647d5a6cc9d4b2b7fad,0x672fefac7f6e3017d9a2f1c14fe048191a24ce14,0xc20eefbda09dded708b0575cc27b2221ce133795,1710163091
183,0x36453126f7b08f65178da484754a9195f7f044b032bcbdcd243a33a38cf7c813,0,Transfer,377261863891985961657130,7009.98953615928065291455,0xeaa63125dd63f10874f99cdbbb18410e7fc79dd3,Hemule,0.01858123019337654,0x672fefac7f6e3017d9a2f1c14fe048191a24ce14,0xc20eefbda09dded708b0575cc27b2221ce133795,0xc20eefbda09dded708b0575cc27b2221ce133795,1710163091
184,0x36453126f7b08f65178da484754a9195f7f044b032bcbdcd243a33a38cf7c813,0,Transfer,7500000000000000000,23275.2008056640625,None,Ethereum,3103.360107421875,0xc20eefbda09dded708b0575cc27b2221ce133795,0x3fc91a3afd70395cd496c647d5a6cc9d4b2b7fad,0xc20eefbda09dded708b0575cc27b2221ce133795,1710163091
185,0x36453126f7b08f65178da484754a9195f7f044b032bcbdcd243a33a38cf7c813,0,Transfer,7500000000000000000,23275.2008056640625,None,Ethereum,3103.360107421875,0x3fc91a3afd70395cd496c647d5a6cc9d4b2b7fad,0xc02aaa39b223fe8d0a0e5c4f27ead9083c756cc2,0xc20eefbda09dded708b0575cc27b2221ce133795,1710163091
186,0x36453126f7b08f65178da484754a9195f7f044b032bcbdcd243a33a38cf7c813,9,Mint,7500000000000000000,23282.2503662109375,0xc02aaa39b223fe8d0a0e5c4f27ead9083c756cc2,WETH,3104.300048828125,None,0x3fc91a3afd70395cd496c647d5a6cc9d4b2b7fad,0xc20eefbda09dded708b0575cc27b2221ce133795,1710163091
187,0x36453126f7b08f65178da484754a9195f7f044b032bcbdcd243a33a38cf7c813,9,Transfer,7500000000000000000,23282.2503662109375,0xc02aaa39b223fe8d0a0e5c4f27ead9083c756cc2,WETH,3104.300048828125,0x3fc91a3afd70395cd496c647d5a6cc9d4b2b7fad,0x672fefac7f6e3017d9a2f1c14fe048191a24ce14,0xc20eefbda09dded708b0575cc27b2221ce133795,1710163091
188,0x36453126f7b08f65178da484754a9195f7f044b032bcbdcd243a33a38cf7c813,9,Transfer,375384969412678355248148,6975.11452779058841499083,0xeaa63125dd63f10874f99cdbbb18410e7fc79dd3,Hemule,0.01858123019337654,0x672fefac7f6e3017d9a2f1c14fe048191a24ce14,0xc20eefbda09dded708b0575cc27b2221ce133795,0xc20eefbda09dded708b0575cc27b2221ce133795,1710163091
189,0x36453126f7b08f65178da484754a9195f7f044b032bcbdcd243a33a38cf7c813,9,Transfer,7500000000000000000,23275.2008056640625,None,Ethereum,3103.360107421875,0xc20eefbda09dded708b0575cc27b2221ce133795,0x3fc91a3afd70395cd496c647d5a6cc9d4b2b7fad,0xc20eefbda09dded708b0575cc27b2221ce133795,1710163091
190,0x36453126f7b08f65178da484754a9195f7f044b032bcbdcd243a33a38cf7c813,9,Transfer,7500000000000000000,23275.2008056640625,None,Ethereum,3103.360107421875,0x3fc91a3afd70395cd496c647d5a6cc9d4b2b7fad,0xc02aaa39b223fe8d0a0e5c4f27ead9083c756cc2,0xc20eefbda09dded708b0575cc27b2221ce133795,1710163091
191,0xe4e2b44cc843b210fc1cce995266af830133c11ee283b6629b3abf6f0083ebfb,0,Mint,5173000000000000000,16058.5441525878906255,0xc02aaa39b223fe8d0a0e5c4f27ead9083c756cc2,WETH,3104.300048828125,None,0x3fc91a3afd70395cd496c647d5a6cc9d4b2b7fad,0x34c5fc224a350f8be26f84214d22cd52e98a9b8d,1710163139
192,0xe4e2b44cc843b210fc1cce995266af830133c11ee283b6629b3abf6f0083ebfb,0,Transfer,5173000000000000000,16058.5441525878906255,0xc02aaa39b223fe8d0a0e5c4f27ead9083c756cc2,WETH,3104.300048828125,0x3fc91a3afd70395cd496c647d5a6cc9d4b2b7fad,0x672fefac7f6e3017d9a2f1c14fe048191a24ce14,0x34c5fc224a350f8be26f84214d22cd52e98a9b8d,1710163139
193,0xe4e2b44cc843b210fc1cce995266af830133c11ee283b6629b3abf6f0083ebfb,0,Transfer,251298245347332089633272,4669.43054399039292309546,0xeaa63125dd63f10874f99cdbbb18410e7fc79dd3,Hemule,0.01858123019337654,0x672fefac7f6e3017d9a2f1c14fe048191a24ce14,0x34c5fc224a350f8be26f84214d22cd52e98a9b8d,0x34c5fc224a350f8be26f84214d22cd52e98a9b8d,1710163139
194,0xe4e2b44cc843b210fc1cce995266af830133c11ee283b6629b3abf6f0083ebfb,0,Transfer,5173000000000000000,16053.681835693359376,None,Ethereum,3103.360107421875,0x34c5fc224a350f8be26f84214d22cd52e98a9b8d,0x3fc91a3afd70395cd496c647d5a6cc9d4b2b7fad,0x34c5fc224a350f8be26f84214d22cd52e98a9b8d,1710163139
195,0xe4e2b44cc843b210fc1cce995266af830133c11ee283b6629b3abf6f0083ebfb,0,Transfer,5173000000000000000,16053.681835693359376,None,Ethereum,3103.360107421875,0x3fc91a3afd70395cd496c647d5a6cc9d4b2b7fad,0xc02aaa39b223fe8d0a0e5c4f27ead9083c756cc2,0x34c5fc224a350f8be26f84214d22cd52e98a9b8d,1710163139
196,0xe4e2b44cc843b210fc1cce995266af830133c11ee283b6629b3abf6f0083ebfb,2,Mint,5173000000000000000,16058.5441525878906255,0xc02aaa39b223fe8d0a0e5c4f27ead9083c756cc2,WETH,3104.300048828125,None,0x3fc91a3afd70395cd496c647d5a6cc9d4b2b7fad,0x34c5fc224a350f8be26f84214d22cd52e98a9b8d,1710163139
197,0xe4e2b44cc843b210fc1cce995266af830133c11ee283b6629b3abf6f0083ebfb,2,Transfer,5173000000000000000,16058.5441525878906255,0xc02aaa39b223fe8d0a0e5c4f27ead9083c756cc2,WETH,3104.300048828125,0x3fc91a3afd70395cd496c647d5a6cc9d4b2b7fad,0x672fefac7f6e3017d9a2f1c14fe048191a24ce14,0x34c5fc224a350f8be26f84214d22cd52e98a9b8d,1710163139
198,0xe4e2b44cc843b210fc1cce995266af830133c11ee283b6629b3abf6f0083ebfb,2,Transfer,250193734437504856375034,4648.90737252379734226925,0xeaa63125dd63f10874f99cdbbb18410e7fc79dd3,Hemule,0.01858123019337654,0x672fefac7f6e3017d9a2f1c14fe048191a24ce14,0x34c5fc224a350f8be26f84214d22cd52e98a9b8d,0x34c5fc224a350f8be26f84214d22cd52e98a9b8d,1710163139
199,0xe4e2b44cc843b210fc1cce995266af830133c11ee283b6629b3abf6f0083ebfb,2,Transfer,5173000000000000000,16053.681835693359376,None,Ethereum,3103.360107421875,0x34c5fc224a350f8be26f84214d22cd52e98a9b8d,0x3fc91a3afd70395cd496c647d5a6cc9d4b2b7fad,0x34c5fc224a350f8be26f84214d22cd52e98a9b8d,1710163139
200,0xe4e2b44cc843b210fc1cce995266af830133c11ee283b6629b3abf6f0083ebfb,2,Transfer,5173000000000000000,16053.681835693359376,None,Ethereum,3103.360107421875,0x3fc91a3afd70395cd496c647d5a6cc9d4b2b7fad,0xc02aaa39b223fe8d0a0e5c4f27ead9083c756cc2,0x34c5fc224a350f8be26f84214d22cd52e98a9b8d,1710163139
201,0x651368a4ca3b651901af0d237d1d61001f6a12819c36d3125cd48a961d4f8543,0,Transfer,49518000000000000000000,920.1053567156195640564,0xeaa63125dd63f10874f99cdbbb18410e7fc79dd3,Hemule,0.01858123019337654,0x75137437e8213f6bc35e00aba1567a1112b3a032,0x672fefac7f6e3017d9a2f1c14fe048191a24ce14,0x75137437e8213f6bc35e00aba1567a1112b3a032,1710163211
202,0x651368a4ca3b651901af0d237d1d61001f6a12819c36d3125cd48a961d4f8543,0,Transfer,1011344696479770515,3139.5173906642168675,0xc02aaa39b223fe8d0a0e5c4f27ead9083c756cc2,WETH,3104.300048828125,0x672fefac7f6e3017d9a2f1c14fe048191a24ce14,0x3fc91a3afd70395cd496c647d5a6cc9d4b2b7fad,0x75137437e8213f6bc35e00aba1567a1112b3a032,1710163211
203,0x651368a4ca3b651901af0d237d1d61001f6a12819c36d3125cd48a961d4f8543,0,Burn,1011344696479770515,3139.5173906642168675,0xc02aaa39b223fe8d0a0e5c4f27ead9083c756cc2,WETH,3104.300048828125,0x3fc91a3afd70395cd496c647d5a6cc9d4b2b7fad,None,0x75137437e8213f6bc35e00aba1567a1112b3a032,1710163211
204,0x651368a4ca3b651901af0d237d1d61001f6a12819c36d3125cd48a961d4f8543,0,Transfer,1011344696479770515,3138.5667859080041926,None,Ethereum,3103.360107421875,0xc02aaa39b223fe8d0a0e5c4f27ead9083c756cc2,0x3fc91a3afd70395cd496c647d5a6cc9d4b2b7fad,0x75137437e8213f6bc35e00aba1567a1112b3a032,1710163211
205,0x651368a4ca3b651901af0d237d1d61001f6a12819c36d3125cd48a961d4f8543,0,Transfer,1011344696479770515,3138.5667859080041926,None,Ethereum,3103.360107421875,0x3fc91a3afd70395cd496c647d5a6cc9d4b2b7fad,0x75137437e8213f6bc35e00aba1567a1112b3a032,0x75137437e8213f6bc35e00aba1567a1112b3a032,1710163211
206,0x651368a4ca3b651901af0d237d1d61001f6a12819c36d3125cd48a961d4f8543,7,Transfer,49518000000000000000000,920.1053567156195640564,0xeaa63125dd63f10874f99cdbbb18410e7fc79dd3,Hemule,0.01858123019337654,0x75137437e8213f6bc35e00aba1567a1112b3a032,0x672fefac7f6e3017d9a2f1c14fe048191a24ce14,0x75137437e8213f6bc35e00aba1567a1112b3a032,1710163211
207,0x651368a4ca3b651901af0d237d1d61001f6a12819c36d3125cd48a961d4f8543,7,Transfer,990037181246236163,3073.3724700843501614,0xc02aaa39b223fe8d0a0e5c4f27ead9083c756cc2,WETH,3104.300048828125,0x672fefac7f6e3017d9a2f1c14fe048191a24ce14,0x3fc91a3afd70395cd496c647d5a6cc9d4b2b7fad,0x75137437e8213f6bc35e00aba1567a1112b3a032,1710163211
208,0x651368a4ca3b651901af0d237d1d61001f6a12819c36d3125cd48a961d4f8543,7,Burn,990037181246236163,3073.3724700843501614,0xc02aaa39b223fe8d0a0e5c4f27ead9083c756cc2,WETH,3104.300048828125,0x3fc91a3afd70395cd496c647d5a6cc9d4b2b7fad,None,0x75137437e8213f6bc35e00aba1567a1112b3a032,1710163211
209,0x651368a4ca3b651901af0d237d1d61001f6a12819c36d3125cd48a961d4f8543,7,Transfer,990037181246236163,3072.441893143969788,None,Ethereum,3103.360107421875,0xc02aaa39b223fe8d0a0e5c4f27ead9083c756cc2,0x3fc91a3afd70395cd496c647d5a6cc9d4b2b7fad,0x75137437e8213f6bc35e00aba1567a1112b3a032,1710163211
210,0x651368a4ca3b651901af0d237d1d61001f6a12819c36d3125cd48a961d4f8543,7,Transfer,990037181246236163,3072.441893143969788,None,Ethereum,3103.360107421875,0x3fc91a3afd70395cd496c647d5a6cc9d4b2b7fad,0x75137437e8213f6bc35e00aba1567a1112b3a032,0x75137437e8213f6bc35e00aba1567a1112b3a032,1710163211
216,0xa231f74955550b91c045955dcba05ce6793104ffdc325fd82a016389a8b00352,0,Transfer,12500000000000000000000,,0x0fa0ed0cbe0412379cd181320c93448968c76c1c,None,None,0x0d74893e945bdd6ed2c6936f41ae8769e719adb1,0x0fa0ed0cbe0412379cd181320c93448968c76c1c,0x0d74893e945bdd6ed2c6936f41ae8769e719adb1,1710163307
217,0xa231f74955550b91c045955dcba05ce6793104ffdc325fd82a016389a8b00352,0,Transfer,237500000000000000000000,,0x0fa0ed0cbe0412379cd181320c93448968c76c1c,None,None,0x0d74893e945bdd6ed2c6936f41ae8769e719adb1,0x95d17be5a7e189e073cf4d6509ac264dcde025a5,0x0d74893e945bdd6ed2c6936f41ae8769e719adb1,1710163307
218,0xa231f74955550b91c045955dcba05ce6793104ffdc325fd82a016389a8b00352,0,Transfer,4607552580192020846,14303.225699668243641,0xc02aaa39b223fe8d0a0e5c4f27ead9083c756cc2,WETH,3104.300048828125,0x95d17be5a7e189e073cf4d6509ac264dcde025a5,0x3fc91a3afd70395cd496c647d5a6cc9d4b2b7fad,0x0d74893e945bdd6ed2c6936f41ae8769e719adb1,1710163307
219,0xa231f74955550b91c045955dcba05ce6793104ffdc325fd82a016389a8b00352,0,Burn,4607552580192020846,14303.225699668243641,0xc02aaa39b223fe8d0a0e5c4f27ead9083c756cc2,WETH,3104.300048828125,0x3fc91a3afd70395cd496c647d5a6cc9d4b2b7fad,None,0x0d74893e945bdd6ed2c6936f41ae8769e719adb1,1710163307
220,0xa231f74955550b91c045955dcba05ce6793104ffdc325fd82a016389a8b00352,0,Transfer,4607552580192020846,14298.894870216647138,None,Ethereum,3103.360107421875,0xc02aaa39b223fe8d0a0e5c4f27ead9083c756cc2,0x3fc91a3afd70395cd496c647d5a6cc9d4b2b7fad,0x0d74893e945bdd6ed2c6936f41ae8769e719adb1,1710163307
221,0xa231f74955550b91c045955dcba05ce6793104ffdc325fd82a016389a8b00352,0,Transfer,4607552580192020846,14298.894870216647138,None,Ethereum,3103.360107421875,0x3fc91a3afd70395cd496c647d5a6cc9d4b2b7fad,0x0d74893e945bdd6ed2c6936f41ae8769e719adb1,0x0d74893e945bdd6ed2c6936f41ae8769e719adb1,1710163307
222,0xa231f74955550b91c045955dcba05ce6793104ffdc325fd82a016389a8b00352,6,Transfer,12500000000000000000000,,0x0fa0ed0cbe0412379cd181320c93448968c76c1c,None,None,0x0d74893e945bdd6ed2c6936f41ae8769e719adb1,0x0fa0ed0cbe0412379cd181320c93448968c76c1c,0x0d74893e945bdd6ed2c6936f41ae8769e719adb1,1710163307
223,0xa231f74955550b91c045955dcba05ce6793104ffdc325fd82a016389a8b00352,6,Transfer,237500000000000000000000,,0x0fa0ed0cbe0412379cd181320c93448968c76c1c,None,None,0x0d74893e945bdd6ed2c6936f41ae8769e719adb1,0x95d17be5a7e189e073cf4d6509ac264dcde025a5,0x0d74893e945bdd6ed2c6936f41ae8769e719adb1,1710163307
224,0xa231f74955550b91c045955dcba05ce6793104ffdc325fd82a016389a8b00352,6,Transfer,4453904952013689772,13826.257360011924894,0xc02aaa39b223fe8d0a0e5c4f27ead9083c756cc2,WETH,3104.300048828125,0x95d17be5a7e189e073cf4d6509ac264dcde025a5,0x3fc91a3afd70395cd496c647d5a6cc9d4b2b7fad,0x0d74893e945bdd6ed2c6936f41ae8769e719adb1,1710163307
225,0xa231f74955550b91c045955dcba05ce6793104ffdc325fd82a016389a8b00352,6,Burn,4453904952013689772,13826.257360011924894,0xc02aaa39b223fe8d0a0e5c4f27ead9083c756cc2,WETH,3104.300048828125,0x3fc91a3afd70395cd496c647d5a6cc9d4b2b7fad,None,0x0d74893e945bdd6ed2c6936f41ae8769e719adb1,1710163307
226,0xa231f74955550b91c045955dcba05ce6793104ffdc325fd82a016389a8b00352,6,Transfer,4453904952013689772,13822.070950328025308,None,Ethereum,3103.360107421875,0xc02aaa39b223fe8d0a0e5c4f27ead9083c756cc2,0x3fc91a3afd70395cd496c647d5a6cc9d4b2b7fad,0x0d74893e945bdd6ed2c6936f41ae8769e719adb1,1710163307
227,0xa231f74955550b91c045955dcba05ce6793104ffdc325fd82a016389a8b00352,6,Transfer,4453904952013689772,13822.070950328025308,None,Ethereum,3103.360107421875,0x3fc91a3afd70395cd496c647d5a6cc9d4b2b7fad,0x0d74893e945bdd6ed2c6936f41ae8769e719adb1,0x0d74893e945bdd6ed2c6936f41ae8769e719adb1,1710163307
228,0xa7df031a9365ac92037e9a28b2a89fc683bdd724f65cafc5625e9e92fbab10a0,0,Transfer,439556583709136304,2065.915883248026484,0xe3b9cfb8ea8a4f1279fbc28d3e15b4d2d86f18a0,Fottie,0.000004699999863078119,0xaf7d66767f77f8c268ad31e938a5f3be88888888,0x27920a817865fe0594a1561f7cc87e269fa2bcfe,0xaf7d66767f77f8c268ad31e938a5f3be88888888,1710163415
229,0xa7df031a9365ac92037e9a28b2a89fc683bdd724f65cafc5625e9e92fbab10a0,0,Transfer,1034685438376146422,3211.9740568728212586,0xc02aaa39b223fe8d0a0e5c4f27ead9083c756cc2,WETH,3104.300048828125,0x27920a817865fe0594a1561f7cc87e269fa2bcfe,0x42183725df3be80bcefb3d12528417698c0c8a8c,0xaf7d66767f77f8c268ad31e938a5f3be88888888,1710163415
230,0xa7df031a9365ac92037e9a28b2a89fc683bdd724f65cafc5625e9e92fbab10a0,0,Burn,1034685438376146422,3211.9740568728212586,0xc02aaa39b223fe8d0a0e5c4f27ead9083c756cc2,WETH,3104.300048828125,0x42183725df3be80bcefb3d12528417698c0c8a8c,None,0xaf7d66767f77f8c268ad31e938a5f3be88888888,1710163415
231,0xa7df031a9365ac92037e9a28b2a89fc683bdd724f65cafc5625e9e92fbab10a0,0,Transfer,1034685438376146422,3211.0015131868475857,None,Ethereum,3103.360107421875,0xc02aaa39b223fe8d0a0e5c4f27ead9083c756cc2,0x42183725df3be80bcefb3d12528417698c0c8a8c,0xaf7d66767f77f8c268ad31e938a5f3be88888888,1710163415
232,0xa7df031a9365ac92037e9a28b2a89fc683bdd724f65cafc5625e9e92fbab10a0,0,Transfer,1033443815850095047,3207.1483113710233708,None,Ethereum,3103.360107421875,0x42183725df3be80bcefb3d12528417698c0c8a8c,0xaf7d66767f77f8c268ad31e938a5f3be88888888,0xaf7d66767f77f8c268ad31e938a5f3be88888888,1710163415
233,0xa7df031a9365ac92037e9a28b2a89fc683bdd724f65cafc5625e9e92fbab10a0,8,Transfer,439556583709136304,2065.915883248026484,0xe3b9cfb8ea8a4f1279fbc28d3e15b4d2d86f18a0,Fottie,0.000004699999863078119,0xaf7d66767f77f8c268ad31e938a5f3be88888888,0x27920a817865fe0594a1561f7cc87e269fa2bcfe,0xaf7d66767f77f8c268ad31e938a5f3be88888888,1710163415
234,0xa7df031a9365ac92037e9a28b2a89fc683bdd724f65cafc5625e9e92fbab10a0,8,Transfer,1003646947308587635,3115.6212675362471944,0xc02aaa39b223fe8d0a0e5c4f27ead9083c756cc2,WETH,3104.300048828125,0x27920a817865fe0594a1561f7cc87e269fa2bcfe,0x42183725df3be80bcefb3d12528417698c0c8a8c,0xaf7d66767f77f8c268ad31e938a5f3be88888888,1710163415
235,0xa7df031a9365ac92037e9a28b2a89fc683bdd724f65cafc5625e9e92fbab10a0,8,Burn,1003646947308587635,3115.6212675362471944,0xc02aaa39b223fe8d0a0e5c4f27ead9083c756cc2,WETH,3104.300048828125,0x42183725df3be80bcefb3d12528417698c0c8a8c,None,0xaf7d66767f77f8c268ad31e938a5f3be88888888,1710163415
236,0xa7df031a9365ac92037e9a28b2a89fc683bdd724f65cafc5625e9e92fbab10a0,8,Transfer,1003646947308587635,3114.677898213215441,None,Ethereum,3103.360107421875,0xc02aaa39b223fe8d0a0e5c4f27ead9083c756cc2,0x42183725df3be80bcefb3d12528417698c0c8a8c,0xaf7d66767f77f8c268ad31e938a5f3be88888888,1710163415
237,0xa7df031a9365ac92037e9a28b2a89fc683bdd724f65cafc5625e9e92fbab10a0,8,Transfer,1002442570971817330,3110.9402847353595827,None,Ethereum,3103.360107421875,0x42183725df3be80bcefb3d12528417698c0c8a8c,0xaf7d66767f77f8c268ad31e938a5f3be88888888,0xaf7d66767f77f8c268ad31e938a5f3be88888888,1710163415
243,0xf8196d4b1341fb7700603dd0abfebc5ee859b279eb9c2e7a172d9b99c2a71f7f,0,Mint,3000000000000000000,9312.900146484375,0xc02aaa39b223fe8d0a0e5c4f27ead9083c756cc2,WETH,3104.300048828125,None,0x3fc91a3afd70395cd496c647d5a6cc9d4b2b7fad,0xc50259330f6984da3c322c1e77e053fef02ea347,1710163535
244,0xf8196d4b1341fb7700603dd0abfebc5ee859b279eb9c2e7a172d9b99c2a71f7f,0,Transfer,3000000000000000000,9312.900146484375,0xc02aaa39b223fe8d0a0e5c4f27ead9083c756cc2,WETH,3104.300048828125,0x3fc91a3afd70395cd496c647d5a6cc9d4b2b7fad,0x898fcb7b4e3bee37ebb0ca3a3fbd08cefdc8c995,0xc50259330f6984da3c322c1e77e053fef02ea347,1710163535
245,0xf8196d4b1341fb7700603dd0abfebc5ee859b279eb9c2e7a172d9b99c2a71f7f,0,Transfer,1555175759167953831882,4687.299642515390319483,0x21e5c85a5b1f38bddde68307af77e38f747cd530,Doggensnout Skeptic,0.0000000030139999385170313,0x898fcb7b4e3bee37ebb0ca3a3fbd08cefdc8c995,0xc50259330f6984da3c322c1e77e053fef02ea347,0xc50259330f6984da3c322c1e77e053fef02ea347,1710163535
246,0xf8196d4b1341fb7700603dd0abfebc5ee859b279eb9c2e7a172d9b99c2a71f7f,0,Transfer,3000000000000000000,9310.080322265625,None,Ethereum,3103.360107421875,0xc50259330f6984da3c322c1e77e053fef02ea347,0x3fc91a3afd70395cd496c647d5a6cc9d4b2b7fad,0xc50259330f6984da3c322c1e77e053fef02ea347,1710163535
247,0xf8196d4b1341fb7700603dd0abfebc5ee859b279eb9c2e7a172d9b99c2a71f7f,0,Transfer,3000000000000000000,9310.080322265625,None,Ethereum,3103.360107421875,0x3fc91a3afd70395cd496c647d5a6cc9d4b2b7fad,0xc02aaa39b223fe8d0a0e5c4f27ead9083c756cc2,0xc50259330f6984da3c322c1e77e053fef02ea347,1710163535
248,0xf8196d4b1341fb7700603dd0abfebc5ee859b279eb9c2e7a172d9b99c2a71f7f,4,Mint,3000000000000000000,9312.900146484375,0xc02aaa39b223fe8d0a0e5c4f27ead9083c756cc2,WETH,3104.300048828125,None,0x3fc91a3afd70395cd496c647d5a6cc9d4b2b7fad,0xc50259330f6984da3c322c1e77e053fef02ea347,1710163535
249,0xf8196d4b1341fb7700603dd0abfebc5ee859b279eb9c2e7a172d9b99c2a71f7f,4,Transfer,3000000000000000000,9312.900146484375,0xc02aaa39b223fe8d0a0e5c4f27ead9083c756cc2,WETH,3104.300048828125,0x3fc91a3afd70395cd496c647d5a6cc9d4b2b7fad,0x898fcb7b4e3bee37ebb0ca3a3fbd08cefdc8c995,0xc50259330f6984da3c322c1e77e053fef02ea347,1710163535
250,0xf8196d4b1341fb7700603dd0abfebc5ee859b279eb9c2e7a172d9b99c2a71f7f,4,Transfer,1547438874490587247647,4663.980672573494073083,0x21e5c85a5b1f38bddde68307af77e38f747cd530,Doggensnout Skeptic,0.0000000030139999385170313,0x898fcb7b4e3bee37ebb0ca3a3fbd08cefdc8c995,0xc50259330f6984da3c322c1e77e053fef02ea347,0xc50259330f6984da3c322c1e77e053fef02ea347,1710163535
251,0xf8196d4b1341fb7700603dd0abfebc5ee859b279eb9c2e7a172d9b99c2a71f7f,4,Transfer,3000000000000000000,9310.080322265625,None,Ethereum,3103.360107421875,0xc50259330f6984da3c322c1e77e053fef02ea347,0x3fc91a3afd70395cd496c647d5a6cc9d4b2b7fad,0xc50259330f6984da3c322c1e77e053fef02ea347,1710163535
252,0xf8196d4b1341fb7700603dd0abfebc5ee859b279eb9c2e7a172d9b99c2a71f7f,4,Transfer,3000000000000000000,9310.080322265625,None,Ethereum,3103.360107421875,0x3fc91a3afd70395cd496c647d5a6cc9d4b2b7fad,0xc02aaa39b223fe8d0a0e5c4f27ead9083c756cc2,0xc50259330f6984da3c322c1e77e053fef02ea347,1710163535
253,0x012778bb6330737bed53ca488e582500498d81e1db22060b8b8b94ed82d6ae99,0,Mint,200000000000000000,620.86000976562500003,0xc02aaa39b223fe8d0a0e5c4f27ead9083c756cc2,WETH,3104.300048828125,None,0x3fc91a3afd70395cd496c647d5a6cc9d4b2b7fad,0x9ea02f652955b90c0dd4f256003e4e339d3a4184,1710163547
254,0x012778bb6330737bed53ca488e582500498d81e1db22060b8b8b94ed82d6ae99,0,Transfer,200000000000000000,620.86000976562500003,0xc02aaa39b223fe8d0a0e5c4f27ead9083c756cc2,WETH,3104.300048828125,0x3fc91a3afd70395cd496c647d5a6cc9d4b2b7fad,0xda8f06e5e0fc0900fd09ec98a72630d3623e1158,0x9ea02f652955b90c0dd4f256003e4e339d3a4184,1710163547
255,0x012778bb6330737bed53ca488e582500498d81e1db22060b8b8b94ed82d6ae99,0,Transfer,16544534111992633092354532893,338.10409182074445733720694594,0x4fe8d4775b7cb2546b9ee86182081cdf8f77b053,KAIJUNO8,0.000000020435999559254014,0xda8f06e5e0fc0900fd09ec98a72630d3623e1158,0x9ea02f652955b90c0dd4f256003e4e339d3a4184,0x9ea02f652955b90c0dd4f256003e4e339d3a4184,1710163547
256,0x012778bb6330737bed53ca488e582500498d81e1db22060b8b8b94ed82d6ae99,0,Transfer,200000000000000000,620.67202148437500003,None,Ethereum,3103.360107421875,0x9ea02f652955b90c0dd4f256003e4e339d3a4184,0x3fc91a3afd70395cd496c647d5a6cc9d4b2b7fad,0x9ea02f652955b90c0dd4f256003e4e339d3a4184,1710163547
257,0x012778bb6330737bed53ca488e582500498d81e1db22060b8b8b94ed82d6ae99,0,Transfer,200000000000000000,620.67202148437500003,None,Ethereum,3103.360107421875,0x3fc91a3afd70395cd496c647d5a6cc9d4b2b7fad,0xc02aaa39b223fe8d0a0e5c4f27ead9083c756cc2,0x9ea02f652955b90c0dd4f256003e4e339d3a4184,1710163547
258,0x012778bb6330737bed53ca488e582500498d81e1db22060b8b8b94ed82d6ae99,2,Mint,200000000000000000,620.86000976562500003,0xc02aaa39b223fe8d0a0e5c4f27ead9083c756cc2,WETH,3104.300048828125,None,0x3fc91a3afd70395cd496c647d5a6cc9d4b2b7fad,0x9ea02f652955b90c0dd4f256003e4e339d3a4184,1710163547
259,0x012778bb6330737bed53ca488e582500498d81e1db22060b8b8b94ed82d6ae99,2,Transfer,200000000000000000,620.86000976562500003,0xc02aaa39b223fe8d0a0e5c4f27ead9083c756cc2,WETH,3104.300048828125,0x3fc91a3afd70395cd496c647d5a6cc9d4b2b7fad,0xda8f06e5e0fc0900fd09ec98a72630d3623e1158,0x9ea02f652955b90c0dd4f256003e4e339d3a4184,1710163547
260,0x012778bb6330737bed53ca488e582500498d81e1db22060b8b8b94ed82d6ae99,2,Transfer,11103714626240328921002570571,226.91550720792971570031578565,0x4fe8d4775b7cb2546b9ee86182081cdf8f77b053,KAIJUNO8,0.000000020435999559254014,0xda8f06e5e0fc0900fd09ec98a72630d3623e1158,0x9ea02f652955b90c0dd4f256003e4e339d3a4184,0x9ea02f652955b90c0dd4f256003e4e339d3a4184,1710163547
261,0x012778bb6330737bed53ca488e582500498d81e1db22060b8b8b94ed82d6ae99,2,Transfer,200000000000000000,620.67202148437500003,None,Ethereum,3103.360107421875,0x9ea02f652955b90c0dd4f256003e4e339d3a4184,0x3fc91a3afd70395cd496c647d5a6cc9d4b2b7fad,0x9ea02f652955b90c0dd4f256003e4e339d3a4184,1710163547
262,0x012778bb6330737bed53ca488e582500498d81e1db22060b8b8b94ed82d6ae99,2,Transfer,200000000000000000,620.67202148437500003,None,Ethereum,3103.360107421875,0x3fc91a3afd70395cd496c647d5a6cc9d4b2b7fad,0xc02aaa39b223fe8d0a0e5c4f27ead9083c756cc2,0x9ea02f652955b90c0dd4f256003e4e339d3a4184,1710163547
263,0x80756a409316570be65efd0861a99cc6c26adecbc1f2c2e0b65c6500268ce2cc,0,Transfer,468551353016819124,1454.5239880485956406,0xc02aaa39b223fe8d0a0e5c4f27ead9083c756cc2,WETH,3104.300048828125,0x88e6a0c2ddd26feeb64f039a2c41296fcb3f5640,0x7edc297010f04c4e82b997bd60ef7eeaf9c360d5,0x711281c1b26aaed86e40e4caaf76c1962b45e161,1710163679
264,0x80756a409316570be65efd0861a99cc6c26adecbc1f2c2e0b65c6500268ce2cc,0,Transfer,1900000000,1900,0xa0b86991c6218b36c1d19d4a2e9eb0ce3606eb48,USDC,1,0x711281c1b26aaed86e40e4caaf76c1962b45e161,0x88e6a0c2ddd26feeb64f039a2c41296fcb3f5640,0x711281c1b26aaed86e40e4caaf76c1962b45e161,1710163679
265,0x80756a409316570be65efd0861a99cc6c26adecbc1f2c2e0b65c6500268ce2cc,0,Transfer,0,0,0xc02aaa39b223fe8d0a0e5c4f27ead9083c756cc2,WETH,3104.300048828125,0x3fc91a3afd70395cd496c647d5a6cc9d4b2b7fad,0x7edc297010f04c4e82b997bd60ef7eeaf9c360d5,0x711281c1b26aaed86e40e4caaf76c1962b45e161,1710163679
266,0x80756a409316570be65efd0861a99cc6c26adecbc1f2c2e0b65c6500268ce2cc,0,Transfer,325968215648902,,0xc548e90589b166e1364de744e6d35d8748996fe8,None,None,0x7edc297010f04c4e82b997bd60ef7eeaf9c360d5,0x711281c1b26aaed86e40e4caaf76c1962b45e161,0x711281c1b26aaed86e40e4caaf76c1962b45e161,1710163679
267,0x80756a409316570be65efd0861a99cc6c26adecbc1f2c2e0b65c6500268ce2cc,3,Transfer,468551353016819124,1454.5239880485956406,0xc02aaa39b223fe8d0a0e5c4f27ead9083c756cc2,WETH,3104.300048828125,0x88e6a0c2ddd26feeb64f039a2c41296fcb3f5640,0x7edc297010f04c4e82b997bd60ef7eeaf9c360d5,0x711281c1b26aaed86e40e4caaf76c1962b45e161,1710163679
268,0x80756a409316570be65efd0861a99cc6c26adecbc1f2c2e0b65c6500268ce2cc,3,Transfer,1900000000,1900,0xa0b86991c6218b36c1d19d4a2e9eb0ce3606eb48,USDC,1,0x711281c1b26aaed86e40e4caaf76c1962b45e161,0x88e6a0c2ddd26feeb64f039a2c41296fcb3f5640,0x711281c1b26aaed86e40e4caaf76c1962b45e161,1710163679
269,0x80756a409316570be65efd0861a99cc6c26adecbc1f2c2e0b65c6500268ce2cc,3,Transfer,0,0,0xc02aaa39b223fe8d0a0e5c4f27ead9083c756cc2,WETH,3104.300048828125,0x3fc91a3afd70395cd496c647d5a6cc9d4b2b7fad,0x7edc297010f04c4e82b997bd60ef7eeaf9c360d5,0x711281c1b26aaed86e40e4caaf76c1962b45e161,1710163679
270,0x80756a409316570be65efd0861a99cc6c26adecbc1f2c2e0b65c6500268ce2cc,3,Transfer,218774635948809,,0xc548e90589b166e1364de744e6d35d8748996fe8,None,None,0x7edc297010f04c4e82b997bd60ef7eeaf9c360d5,0x711281c1b26aaed86e40e4caaf76c1962b45e161,0x711281c1b26aaed86e40e4caaf76c1962b45e161,1710163679
271,0xd99a3931116a10e2cb106929bf9abeaf45e1addd6b505e915dab430ee7dfa962,0,Transfer,847820529815100091,3984.7563740457889327,0xe3b9cfb8ea8a4f1279fbc28d3e15b4d2d86f18a0,Fottie,0.000004699999863078119,0xdc8078a3002eb519ef780d52fe8dbcb365412b16,0x27920a817865fe0594a1561f7cc87e269fa2bcfe,0xdc8078a3002eb519ef780d52fe8dbcb365412b16,1710163679
272,0xd99a3931116a10e2cb106929bf9abeaf45e1addd6b505e915dab430ee7dfa962,0,Transfer,1809332076629518439,5616.7096538273068944,0xc02aaa39b223fe8d0a0e5c4f27ead9083c756cc2,WETH,3104.300048828125,0x27920a817865fe0594a1561f7cc87e269fa2bcfe,0x0d4a11d5eeaac28ec3f61d100daf4d40471f1852,0xdc8078a3002eb519ef780d52fe8dbcb365412b16,1710163679
273,0xd99a3931116a10e2cb106929bf9abeaf45e1addd6b505e915dab430ee7dfa962,0,Transfer,7309587164,7306.4585075277531145,0xdac17f958d2ee523a2206206994597c13d831ec7,Tether,0.9995719790458679,0x0d4a11d5eeaac28ec3f61d100daf4d40471f1852,0xdc8078a3002eb519ef780d52fe8dbcb365412b16,0xdc8078a3002eb519ef780d52fe8dbcb365412b16,1710163679
274,0xd99a3931116a10e2cb106929bf9abeaf45e1addd6b505e915dab430ee7dfa962,2,Transfer,847820529815100091,3984.7563740457889327,0xe3b9cfb8ea8a4f1279fbc28d3e15b4d2d86f18a0,Fottie,0.000004699999863078119,0xdc8078a3002eb519ef780d52fe8dbcb365412b16,0x27920a817865fe0594a1561f7cc87e269fa2bcfe,0xdc8078a3002eb519ef780d52fe8dbcb365412b16,1710163679
275,0xd99a3931116a10e2cb106929bf9abeaf45e1addd6b505e915dab430ee7dfa962,2,Transfer,1644536659370273758,5105.135231982782398,0xc02aaa39b223fe8d0a0e5c4f27ead9083c756cc2,WETH,3104.300048828125,0x27920a817865fe0594a1561f7cc87e269fa2bcfe,0x0d4a11d5eeaac28ec3f61d100daf4d40471f1852,0xdc8078a3002eb519ef780d52fe8dbcb365412b16,1710163679
276,0xd99a3931116a10e2cb106929bf9abeaf45e1addd6b505e915dab430ee7dfa962,2,Transfer,6644469522,6641.625549815492034,0xdac17f958d2ee523a2206206994597c13d831ec7,Tether,0.9995719790458679,0x0d4a11d5eeaac28ec3f61d100daf4d40471f1852,0xdc8078a3002eb519ef780d52fe8dbcb365412b16,0xdc8078a3002eb519ef780d52fe8dbcb365412b16,1710163679
277,0x1a5eafe643fb4e41e4666f045341584ea22bb73d585775ec4e4a094be22f89e6,0,Transfer,4963914209006298899,15409.479121396877159,0xc02aaa39b223fe8d0a0e5c4f27ead9083c756cc2,WETH,3104.300048828125,0xe4e86c6805884736c0faea1e559c51f37da15812,0x3fc91a3afd70395cd496c647d5a6cc9d4b2b7fad,0x30049fd3dde7a46a6441a0d41dcb1cf5aaa93e77,1710163715
278,0x1a5eafe643fb4e41e4666f045341584ea22bb73d585775ec4e4a094be22f89e6,0,Transfer,160000000000000000000000,4124.94242191314697265625,0x710287d1d39dcf62094a83ebb3e736e79400068a,enqAI,0.02578089013695717,0x30049fd3dde7a46a6441a0d41dcb1cf5aaa93e77,0xe4e86c6805884736c0faea1e559c51f37da15812,0x30049fd3dde7a46a6441a0d41dcb1cf5aaa93e77,1710163715
279,0x1a5eafe643fb4e41e4666f045341584ea22bb73d585775ec4e4a094be22f89e6,0,Burn,4963914209006298899,15409.479121396877159,0xc02aaa39b223fe8d0a0e5c4f27ead9083c756cc2,WETH,3104.300048828125,0x3fc91a3afd70395cd496c647d5a6cc9d4b2b7fad,None,0x30049fd3dde7a46a6441a0d41dcb1cf5aaa93e77,1710163715
280,0x1a5eafe643fb4e41e4666f045341584ea22bb73d585775ec4e4a094be22f89e6,0,Transfer,4963914209006298899,15404.813332894759422,None,Ethereum,3103.360107421875,0xc02aaa39b223fe8d0a0e5c4f27ead9083c756cc2,0x3fc91a3afd70395cd496c647d5a6cc9d4b2b7fad,0x30049fd3dde7a46a6441a0d41dcb1cf5aaa93e77,1710163715
281,0x1a5eafe643fb4e41e4666f045341584ea22bb73d585775ec4e4a094be22f89e6,0,Transfer,4963914209006298899,15404.813332894759422,None,Ethereum,3103.360107421875,0x3fc91a3afd70395cd496c647d5a6cc9d4b2b7fad,0x30049fd3dde7a46a6441a0d41dcb1cf5aaa93e77,0x30049fd3dde7a46a6441a0d41dcb1cf5aaa93e77,1710163715
282,0x1a5eafe643fb4e41e4666f045341584ea22bb73d585775ec4e4a094be22f89e6,4,Transfer,4939218294413328117,15332.815592520062755,0xc02aaa39b223fe8d0a0e5c4f27ead9083c756cc2,WETH,3104.300048828125,0xe4e86c6805884736c0faea1e559c51f37da15812,0x3fc91a3afd70395cd496c647d5a6cc9d4b2b7fad,0x30049fd3dde7a46a6441a0d41dcb1cf5aaa93e77,1710163715
283,0x1a5eafe643fb4e41e4666f045341584ea22bb73d585775ec4e4a094be22f89e6,4,Transfer,160000000000000000000000,4124.94242191314697265625,0x710287d1d39dcf62094a83ebb3e736e79400068a,enqAI,0.02578089013695717,0x30049fd3dde7a46a6441a0d41dcb1cf5aaa93e77,0xe4e86c6805884736c0faea1e559c51f37da15812,0x30049fd3dde7a46a6441a0d41dcb1cf5aaa93e77,1710163715
284,0x1a5eafe643fb4e41e4666f045341584ea22bb73d585775ec4e4a094be22f89e6,4,Burn,4939218294413328117,15332.815592520062755,0xc02aaa39b223fe8d0a0e5c4f27ead9083c756cc2,WETH,3104.300048828125,0x3fc91a3afd70395cd496c647d5a6cc9d4b2b7fad,None,0x30049fd3dde7a46a6441a0d41dcb1cf5aaa93e77,1710163715
285,0x1a5eafe643fb4e41e4666f045341584ea22bb73d585775ec4e4a094be22f89e6,4,Transfer,4939218294413328117,15328.173016730636165,None,Ethereum,3103.360107421875,0xc02aaa39b223fe8d0a0e5c4f27ead9083c756cc2,0x3fc91a3afd70395cd496c647d5a6cc9d4b2b7fad,0x30049fd3dde7a46a6441a0d41dcb1cf5aaa93e77,1710163715
286,0x1a5eafe643fb4e41e4666f045341584ea22bb73d585775ec4e4a094be22f89e6,4,Transfer,4939218294413328117,15328.173016730636165,None,Ethereum,3103.360107421875,0x3fc91a3afd70395cd496c647d5a6cc9d4b2b7fad,0x30049fd3dde7a46a6441a0d41dcb1cf5aaa93e77,0x30049fd3dde7a46a6441a0d41dcb1cf5aaa93e77,1710163715
