,user_tx,accessList,blockHash,blockNumber_x,chainId,from,gas,gasPrice,hash,input,maxFeePerGas,maxPriorityFeePerGas,nonce,r,s,to,transactionIndex,type,v,value,yParity,block_number,blockNumber_y,timeStamp,blockMiner,blockReward,uncles,uncleInclusionReward
0,0x1ee8d8e23e4a026ce8afbf2dc79c196c6b1d43d5e9f8ebb80b968a367ed5e581,,0x2c1ca96b35f726a2171d3ebc050e390aca8dd1f83a2364ffa8cab9910143ee01,0x1283433,0x1,0x36a2ffb33c1b427c46c3d30adac3ca4e8ed36179,0x30eb5,0x11cd060113,0x1ee8d8e23e4a026ce8afbf2dc79c196c6b1d43d5e9f8ebb80b968a367ed5e581,0x4a25d94a000000000000000000000000000000000000000000000000058d15e17628000000000000000000000000000000000000000000000000002f461b77a211c3b3ee00000000000000000000000000000000000000000000000000000000000000a000000000000000000000000036a2ffb33c1b427c46c3d30adac3ca4e8ed361790000000000000000000000000000000000000000000000000000000065ef077b0000000000000000000000000000000000000000000000000000000000000002000000000000000000000000b0699d63aef20df3f1cffa9ca2bb8670416271d2000000000000000000000000c02aaa39b223fe8d0a0e5c4f27ead9083c756cc2,0x187a3c7e80,0x5e69ec0,0x707,0xad8743a8c08357fb122fe099ce4ab1cc5155197bf17da09dd74b9bc435edf713,0x6ac3aca96164f1bf4582dc771aa945939eccac0c562a288a6c93218a78a9f508,0x7a250d5630b4cf539739df2c5dacb4c659f2488d,0x2,0x2,0x0,0x0,0x0,19412019,19412019,1710162059,0x95222290dd7278aa3ddd389cc1e1d165cc4bafe5,65317454455184022,,0
1,0x354e8386267ca643793de913739df3f9680895776f3a8f982b48f6c36be0c9ad,,0xdd26fb3d61779a2527538b20a6710090ef329f09a3c081bd5dd838ed4ecded02,0x128343e,0x1,0x4ffb89a61a6db0586aff308efcfce39207aed2b2,0x59970,0x1254a6dbb8,0x354e8386267ca643793de913739df3f9680895776f3a8f982b48f6c36be0c9ad,0x24856bc30000000000000000000000000000000000000000000000000000000000000040000000000000000000000000000000000000000000000000000000000000008000000000000000000000000000000000000000000000000000000000000000020a090000000000000000000000000000000000000000000000000000000000000000000000000000000000000000000000000000000000000000000000000002000000000000000000000000000000000000000000000000000000000000004000000000000000000000000000000000000000000000000000000000000001c0000000000000000000000000000000000000000000000000000000000000016000000000000000000000000089b69f2d1adffa9a253d40840b6baa7fc903d697000000000000000000000000ffffffffffffffffffffffffffffffffffffffff000000000000000000000000000000000000000000000000000000006617d16f00000000000000000000000000000000000000000000000000000000000000000000000000000000000000003fc91a3afd70395cd496c647d5a6cc9d4b2b7fad0000000000000000000000000000000000000000000000000000000065ef080700000000000000000000000000000000000000000000000000000000000000e0000000000000000000000000000000000000000000000000000000000000004157ab186cb52243b493171f60e89e3668aee140b6554646976e76009bae21e81a7be04a38ed167982343a1876c1e281692027183b5664592f5a0520d39d4fbd801b0000000000000000000000000000000000000000000000000000000000000000000000000000000000000000000000000000000000000000000000000001200000000000000000000000004ffb89a61a6db0586aff308efcfce39207aed2b200000000000000000000000000000000000000000000000000000000ee6b2800000000000000000000000000000000000000000000000000000216574e3b226d00000000000000000000000000000000000000000000000000000000000000a00000000000000000000000000000000000000000000000000000000000000001000000000000000000000000000000000000000000000000000000000000000300000000000000000000000089b69f2d1adffa9a253d40840b6baa7fc903d697000000000000000000000000c02aaa39b223fe8d0a0e5c4f27ead9083c756cc2000000000000000000000000dac17f958d2ee523a2206206994597c13d831ec7,0x15bb9caac7,0x854d13a5,0x491,0x498ee90a0565829b8b473ede7b76174226bc1d5ed8ad79ae6bf8fb70997024d3,0x2289f4cb7afc50f5db6b839681ae3f5d999e1bcf0effe46622cf7ac3df9cbac2,0x3fc91a3afd70395cd496c647d5a6cc9d4b2b7fad,0x1,0x2,0x1,0x0,0x1,19412030,19412030,1710162191,0x95222290dd7278aa3ddd389cc1e1d165cc4bafe5,118421987010047427,,0
2,0xee8fd2c76181afa14ca0da158e0a01bba2d3df8e62c5da122ac1d77912aab66e,,0x657b57c868eb09df8631cca1ddd349ee8ca921e33082cb94e73eb850fd5af21a,0x1283449,0x1,0xbbf46514de004992d8dcbcec19f02f2e772ab51d,0x4ab7a,0x1172aa4101,0xee8fd2c76181afa14ca0da158e0a01bba2d3df8e62c5da122ac1d77912aab66e,0x3593564c000000000000000000000000000000000000000000000000000000000000006000000000000000000000000000000000000000000000000000000000000000a00000000000000000000000000000000000000000000000000000000065ef060700000000000000000000000000000000000000000000000000000000000000020a000000000000000000000000000000000000000000000000000000000000000000000000000000000000000000000000000000000000000000000000000002000000000000000000000000000000000000000000000000000000000000004000000000000000000000000000000000000000000000000000000000000001c00000000000000000000000000000000000000000000000000000000000000160000000000000000000000000a0b86991c6218b36c1d19d4a2e9eb0ce3606eb48000000000000000000000000ffffffffffffffffffffffffffffffffffffffff0000000000000000000000000000000000000000000000000000000066168e6300000000000000000000000000000000000000000000000000000000000000020000000000000000000000003fc91a3afd70395cd496c647d5a6cc9d4b2b7fad0000000000000000000000000000000000000000000000000000000065ef086b00000000000000000000000000000000000000000000000000000000000000e00000000000000000000000000000000000000000000000000000000000000041a43e24f6be8dc10b7e77c678d8695974353fae5eedfcff45fc4d378f95c687d234143f5efe3caef1fabe5c8d3bb88b61ce5ebf82dc259a15e1675610e85063861b0000000000000000000000000000000000000000000000000000000000000000000000000000000000000000000000000000000000000000000000000001200000000000000000000000000000000000000000000000000000000000000001000000000000000000000000000000000000000000000000000000082630cd90000000000000000000000000000000000000000000000033e850d638075bfad800000000000000000000000000000000000000000000000000000000000000a000000000000000000000000000000000000000000000000000000000000000010000000000000000000000000000000000000000000000000000000000000042a0b86991c6218b36c1d19d4a2e9eb0ce3606eb480001f4c02aaa39b223fe8d0a0e5c4f27ead9083c756cc2000bb80b7f0e51cd1739d6c96982d55ad8fa634dd43a9c000000000000000000000000000000000000000000000000000000000000,0x11bf4b06ba,0xe57e0,0x121,0xa80847747875f34798ef26d97d4ea1002a6ec099cf859635e215180bafe1df97,0x193addaa244d04a85bfc29027fb9d26c6d5e8d1ab757fce41aca4370e4cc9037,0x3fc91a3afd70395cd496c647d5a6cc9d4b2b7fad,0x2,0x2,0x1,0x0,0x1,19412041,19412041,1710162323,0x95222290dd7278aa3ddd389cc1e1d165cc4bafe5,87842076399074842,,0
3,0x5f3954cc3cb4fbb88803a910d852aab6566af2866acfa600887399e2ae5555ff,,0x4163d5676b7bd172a054a5d85dda15ae43563d24ac0c60dcc04d6cad8668ba1e,0x128344b,0x1,0xaed06a6a9737ac56b5c3c7ecdfb233d70d64fc38,0xe6be,0xfdc73a9d9,0x5f3954cc3cb4fbb88803a910d852aab6566af2866acfa600887399e2ae5555ff,0x095ea7b3000000000000000000000000000000000022d473030f116ddee9f6b43ac78ba3ffffffffffffffffffffffffffffffffffffffffffffffffffffffffffffffff,0x1469ab8236,0x99d399e3,0x0,0x4f715cf4d4321da48de6d3fcdb07cdfca6b0c28366ff2e2558e74046bd08d8f4,0xddc690541719b963ec3ab29167402aa86ca7b0b14bdc60e41c3311d10085e1b,0xdac17f958d2ee523a2206206994597c13d831ec7,0x4,0x2,0x0,0x0,0x0,19412043,19412043,1710162347,0x95222290dd7278aa3ddd389cc1e1d165cc4bafe5,210224654145462756,,0
4,0xbd9c86df3327871d630a0921c65cb7bec9b0c199d80cdddcdb35c11b4f6bade1,,0x4163d5676b7bd172a054a5d85dda15ae43563d24ac0c60dcc04d6cad8668ba1e,0x128344b,0x1,0xaed06a6a9737ac56b5c3c7ecdfb233d70d64fc38,0x4b07c,0xfdc73a9d9,0xbd9c86df3327871d630a0921c65cb7bec9b0c199d80cdddcdb35c11b4f6bade1,0x24856bc30000000000000000000000000000000000000000000000000000000000000040000000000000000000000000000000000000000000000000000000000000008000000000000000000000000000000000000000000000000000000000000000030a000800000000000000000000000000000000000000000000000000000000000000000000000000000000000000000000000000000000000000000000000003000000000000000000000000000000000000000000000000000000000000006000000000000000000000000000000000000000000000000000000000000001e000000000000000000000000000000000000000000000000000000000000003000000000000000000000000000000000000000000000000000000000000000160000000000000000000000000dac17f958d2ee523a2206206994597c13d831ec7000000000000000000000000ffffffffffffffffffffffffffffffffffffffff000000000000000000000000000000000000000000000000000000006617d20700000000000000000000000000000000000000000000000000000000000000000000000000000000000000003fc91a3afd70395cd496c647d5a6cc9d4b2b7fad0000000000000000000000000000000000000000000000000000000065ef089f00000000000000000000000000000000000000000000000000000000000000e00000000000000000000000000000000000000000000000000000000000000041cc1ee752f0a2067a32b96d972fb8887a7cf0de73302b27f6f1b2bee3ed3e5b6441849ff9b14871ace3de962bd9fffa00344ddca8bb15fe173978dce57d4bfc341c0000000000000000000000000000000000000000000000000000000000000000000000000000000000000000000000000000000000000000000000000001000000000000000000000000009c4cc862f51b1ba90485de3502aa058ca4331f320000000000000000000000000000000000000000000000000000000164bbda40000000000000000000000000000000000000000000000000000000000000000000000000000000000000000000000000000000000000000000000000000000a00000000000000000000000000000000000000000000000000000000000000001000000000000000000000000000000000000000000000000000000000000002bdac17f958d2ee523a2206206994597c13d831ec70001f4c02aaa39b223fe8d0a0e5c4f27ead9083c756cc20000000000000000000000000000000000000000000000000000000000000000000000000000000000000000000000000000000100000000000000000000000000aed06a6a9737ac56b5c3c7ecdfb233d70d64fc3880000000000000000000000000000000000000000000000000000000000000000000000000000000000000000000000000000000000000a0fe15a77bd4f67a2a00000000000000000000000000000000000000000000000000000000000000a000000000000000000000000000000000000000000000000000000000000000000000000000000000000000000000000000000000000000000000000000000002000000000000000000000000c02aaa39b223fe8d0a0e5c4f27ead9083c756cc200000000000000000000000026c8afbbfe1ebaca03c2bb082e69d0476bffe099,0x1469ab8236,0x99d399e3,0x1,0x86b62356a6073de56805fc48478b472a06a3ccbfb5cc477cd1d2aabca7bfb96c,0x42c6bb462a201bbc2e2621f591c4a2b7cb293206b369b240fe1976352639390d,0x3fc91a3afd70395cd496c647d5a6cc9d4b2b7fad,0x5,0x2,0x0,0x0,0x0,19412043,19412043,1710162347,0x95222290dd7278aa3ddd389cc1e1d165cc4bafe5,210224654145462756,,0
5,0x77929a2b313bd1f5b15c9dbc61cc598d21e6f3594b308b15189a379f5264cb4f,,0xde5bd548286c467d026cf9561d531289f45400b1645158257ff2f46bc75375dc,0x128344d,0x1,0xfb93f5128dae38523b8beea93a0f89c32b3f4932,0x27f20,0x1174db0832,0x77929a2b313bd1f5b15c9dbc61cc598d21e6f3594b308b15189a379f5264cb4f,0x3593564c000000000000000000000000000000000000000000000000000000000000006000000000000000000000000000000000000000000000000000000000000000a00000000000000000000000000000000000000000000000000000000065ef03f700000000000000000000000000000000000000000000000000000000000000020b080000000000000000000000000000000000000000000000000000000000000000000000000000000000000000000000000000000000000000000000000002000000000000000000000000000000000000000000000000000000000000004000000000000000000000000000000000000000000000000000000000000000a00000000000000000000000000000000000000000000000000000000000000040000000000000000000000000000000000000000000000000000000000000000200000000000000000000000000000000000000000000000002c68af0bb1400000000000000000000000000000000000000000000000000000000000000000100000000000000000000000000000000000000000000000000000000000000000100000000000000000000000000000000000000000000000002c68af0bb140000000000000000000000000000000000000000000000001eb7340ea7f32e485f6900000000000000000000000000000000000000000000000000000000000000a000000000000000000000000000000000000000000000000000000000000000000000000000000000000000000000000000000000000000000000000000000002000000000000000000000000c02aaa39b223fe8d0a0e5c4f27ead9083c756cc20000000000000000000000001db61c337e5216941f53e6a0e41eed9640aec8bb,0x16a73524e2,0x2d0ada7,0xf,0x24440ca9170671311bba104fe7efc35e32af320ed79a0ee77c7b2b5aa7700bd,0xafbc6de81c04bccb735e86bae986404a11cff881b567cb0f15a2687b20d4b3d,0x3fc91a3afd70395cd496c647d5a6cc9d4b2b7fad,0x1,0x2,0x0,0x2c68af0bb140000,0x0,19412045,19412045,1710162371,0xd6e4aa932147a3fe5311da1b67d9e73da06f9cef,203930823555316775,,0
6,0x08e622acdf6b27fe26f24e33815bb1a0789158f2d326104f0e2b529e2f33e02f,,0xfa109ad08c3f05907ff7a33b2d91aa879d90a58108f872f79c9de7f8004a3326,0x128344e,0x1,0x76ec733f445358232ea24aaf03d4536057439bfc,0x2cf7c,0x1160c85b1a,0x08e622acdf6b27fe26f24e33815bb1a0789158f2d326104f0e2b529e2f33e02f,0x3593564c000000000000000000000000000000000000000000000000000000000000006000000000000000000000000000000000000000000000000000000000000000a00000000000000000000000000000000000000000000000000000000065ef040f00000000000000000000000000000000000000000000000000000000000000020b080000000000000000000000000000000000000000000000000000000000000000000000000000000000000000000000000000000000000000000000000002000000000000000000000000000000000000000000000000000000000000004000000000000000000000000000000000000000000000000000000000000000a00000000000000000000000000000000000000000000000000000000000000040000000000000000000000000000000000000000000000000000000000000000200000000000000000000000000000000000000000000000029a2241af62c00000000000000000000000000000000000000000000000000000000000000000100000000000000000000000000000000000000000000000000000000000000000100000000000000000000000000000000000000000000000029a2241af62c0000000000000000000000000000000000000000000002217ca3f18c7878b25b543200000000000000000000000000000000000000000000000000000000000000a000000000000000000000000000000000000000000000000000000000000000000000000000000000000000000000000000000000000000000000000000000002000000000000000000000000c02aaa39b223fe8d0a0e5c4f27ead9083c756cc2000000000000000000000000d807f7e2818db8eda0d28b5be74866338eaedb86,0x149cc25ccd,0x2d0ada7,0xd,0x92c2fc3e1f4913b5a6350b581a783752f52d6855040952ad3226d276d5b1d746,0x5d87ebb02ea6728d51e088b3189cad517f06ec29f25635add09c1f1abf041843,0x3fc91a3afd70395cd496c647d5a6cc9d4b2b7fad,0x2,0x2,0x1,0x29a2241af62c0000,0x1,19412046,19412046,1710162383,0x95222290dd7278aa3ddd389cc1e1d165cc4bafe5,117037069838942229,,0
7,0x4f9b4cddc272c3803df798041fff63ae7e439982810f7d1d40f288a4218f45b6,,0xfa109ad08c3f05907ff7a33b2d91aa879d90a58108f872f79c9de7f8004a3326,0x128344e,0x1,0x1518c211f611114decd1842894e08b803afcd27b,0x3025e,0x1160c7aaa1,0x4f9b4cddc272c3803df798041fff63ae7e439982810f7d1d40f288a4218f45b6,0x3593564c000000000000000000000000000000000000000000000000000000000000006000000000000000000000000000000000000000000000000000000000000000a00000000000000000000000000000000000000000000000000000000065ef04030000000000000000000000000000000000000000000000000000000000000002000c000000000000000000000000000000000000000000000000000000000000000000000000000000000000000000000000000000000000000000000000000200000000000000000000000000000000000000000000000000000000000000400000000000000000000000000000000000000000000000000000000000000160000000000000000000000000000000000000000000000000000000000000010000000000000000000000000000000000000000000000000000000000000000020000000000000000000000000000000000000000000004db1253d070678205070000000000000000000000000000000000000000000000003248d8a32fd8543600000000000000000000000000000000000000000000000000000000000000a00000000000000000000000000000000000000000000000000000000000000001000000000000000000000000000000000000000000000000000000000000002b8c282c35b5e1088bb208991c151182a782637699000bb8c02aaa39b223fe8d0a0e5c4f27ead9083c756cc2000000000000000000000000000000000000000000000000000000000000000000000000000000000000000000000000000000004000000000000000000000000000000000000000000000000000000000000000010000000000000000000000000000000000000000000000003248d8a32fd85436,0x16af03ee46,0x2cffd2e,0xa17,0x9312df7c60fc24094d9a3ba41dc1958336dc4c560cf3c4071988a647059ee96a,0x82d1b18145d542c5b5a117cbf0d84cd712e8600209703901615f709ab71a09d,0x3fc91a3afd70395cd496c647d5a6cc9d4b2b7fad,0x1,0x2,0x1,0x0,0x1,19412046,19412046,1710162383,0x95222290dd7278aa3ddd389cc1e1d165cc4bafe5,117037069838942229,,0
8,0x1bcc89149f51daa2d79355a340d576af22555be34567e66a48b926a27ba54877,,0xaed11f387b43ccea87b2ad2a65e29e9235a452edd1eb45a452ec48dd21cb7852,0x128345f,0x1,0xc4ba8f21c0dd755cfeff899c4f791c634ca5c6db,0x28a31,0x117a8b7f8d,0x1bcc89149f51daa2d79355a340d576af22555be34567e66a48b926a27ba54877,0x3593564c000000000000000000000000000000000000000000000000000000000000006000000000000000000000000000000000000000000000000000000000000000a00000000000000000000000000000000000000000000000000000000065ef04db00000000000000000000000000000000000000000000000000000000000000020b080000000000000000000000000000000000000000000000000000000000000000000000000000000000000000000000000000000000000000000000000002000000000000000000000000000000000000000000000000000000000000004000000000000000000000000000000000000000000000000000000000000000a0000000000000000000000000000000000000000000000000000000000000004000000000000000000000000000000000000000000000000000000000000000020000000000000000000000000000000000000000000000001e87f85809dc0000000000000000000000000000000000000000000000000000000000000000010000000000000000000000000000000000000000000000000000000000000000010000000000000000000000000000000000000000000000001e87f85809dc000000000000000000000000000000000000000000000000356ac8df8fb5603298b900000000000000000000000000000000000000000000000000000000000000a000000000000000000000000000000000000000000000000000000000000000000000000000000000000000000000000000000000000000000000000000000002000000000000000000000000c02aaa39b223fe8d0a0e5c4f27ead9083c756cc200000000000000000000000050b0696468f42cab1ddc76413a1312aff3cabdf6,0x173c3d10e2,0xecd10,0x37d,0xfd94d547d9253e13977325ad8430ac84663c5520cdacc4fa2e91c903c969226b,0x7739e932e873075d6503aae95c1985825962aeadc9dc1c9095eb54e60aaef2cb,0x3fc91a3afd70395cd496c647d5a6cc9d4b2b7fad,0x2,0x2,0x1,0x1e87f85809dc0000,0x1,19412063,19412063,1710162587,0x95222290dd7278aa3ddd389cc1e1d165cc4bafe5,49505750103391583,,0
9,0x3fbadfd097e3edf52396ca21392bbd34a2ad3aaba5297bb09f05df9af140ee20,,0xaed11f387b43ccea87b2ad2a65e29e9235a452edd1eb45a452ec48dd21cb7852,0x128345f,0x1,0x577ff90b598941db6c75413a0f980ca5cde42a76,0x2a786,0x117ce79177,0x3fbadfd097e3edf52396ca21392bbd34a2ad3aaba5297bb09f05df9af140ee20,0x7ff36ab50000000000000000000000000000000000000000000017b32dfaf9eb942174870000000000000000000000000000000000000000000000000000000000000080000000000000000000000000577ff90b598941db6c75413a0f980ca5cde42a760000000000000000000000000000000000000000000000000000000065ef098b0000000000000000000000000000000000000000000000000000000000000002000000000000000000000000c02aaa39b223fe8d0a0e5c4f27ead9083c756cc200000000000000000000000050b0696468f42cab1ddc76413a1312aff3cabdf6,0x1789b2ce6e,0x26adefa,0x18,0x521849d6ad8aad629c297784fc937ef758c8d466c7483fdf65bf12f775bc14a7,0x1c358417570a65cee4c0caa2b8e5f6395ef945489909843c830e78f77d41e403,0x2ec705d306b51e486b1bc0d6ebee708e0661add1,0x3,0x2,0x1,0xde0b6b3a7640000,0x1,19412063,19412063,1710162587,0x95222290dd7278aa3ddd389cc1e1d165cc4bafe5,49505750103391583,,0
10,0xbcd0572cc301ec70e7e4dd5cb4e135f7e41f14fc967a5e8ea11d7c85dc802a23,,0xea937c9a44e46e47110ef08c001fe55d075cf8c5137b0876f21c6add18aa6802,0x1283462,0x1,0x3e9dd8088fe88472621f67ac502b784f0d852b71,0x2fae2,0x11efb85c97,0xbcd0572cc301ec70e7e4dd5cb4e135f7e41f14fc967a5e8ea11d7c85dc802a23,0x3593564c000000000000000000000000000000000000000000000000000000000000006000000000000000000000000000000000000000000000000000000000000000a00000000000000000000000000000000000000000000000000000000065ef04ff00000000000000000000000000000000000000000000000000000000000000020b080000000000000000000000000000000000000000000000000000000000000000000000000000000000000000000000000000000000000000000000000002000000000000000000000000000000000000000000000000000000000000004000000000000000000000000000000000000000000000000000000000000000a00000000000000000000000000000000000000000000000000000000000000040000000000000000000000000000000000000000000000000000000000000000200000000000000000000000000000000000000000000000011c37937e08000000000000000000000000000000000000000000000000000000000000000000100000000000000000000000000000000000000000000000000000000000000000100000000000000000000000000000000000000000000000011c37937e08000000000000000000000000000000000000000000000129c7912a3dad7697b68b35000000000000000000000000000000000000000000000000000000000000000a000000000000000000000000000000000000000000000000000000000000000000000000000000000000000000000000000000000000000000000000000000002000000000000000000000000c02aaa39b223fe8d0a0e5c4f27ead9083c756cc200000000000000000000000068bbed6a47194eff1cf514b50ea91895597fc91e,0x16fa117c09,0x2584e0c,0xa76f,0x52c88368f52ec589a559b7ddc4a114eaaaf84e16c64d8d22b29ffba7181de052,0xf0d69caa7613b58039dcb03c3dc914f6d7dd3502947fab48d22eae6ad7ff44b,0x3fc91a3afd70395cd496c647d5a6cc9d4b2b7fad,0x3,0x2,0x0,0x11c37937e0800000,0x0,19412066,19412066,1710162623,0x95222290dd7278aa3ddd389cc1e1d165cc4bafe5,70463696928806774,,0
11,0xc1a796c24a30a5c110b7cea4123085339445bb1953c014dd646e052f4fac510a,,0x1484cbfe0f8738a2c6e80af1afe00c0aa067e29aa0bf9b1ffff20ce849cf5237,0x1283464,0x1,0x9449254fa5d4828fbb4af8438f72ab0607eec80e,0x31f24,0x125bd478f1,0xc1a796c24a30a5c110b7cea4123085339445bb1953c014dd646e052f4fac510a,0x24856bc30000000000000000000000000000000000000000000000000000000000000040000000000000000000000000000000000000000000000000000000000000008000000000000000000000000000000000000000000000000000000000000000020b080000000000000000000000000000000000000000000000000000000000000000000000000000000000000000000000000000000000000000000000000002000000000000000000000000000000000000000000000000000000000000004000000000000000000000000000000000000000000000000000000000000000a0000000000000000000000000000000000000000000000000000000000000004000000000000000000000000000000000000000000000000000000000000000020000000000000000000000000000000000000000000000000de0b6b3a764000000000000000000000000000000000000000000000000000000000000000001000000000000000000000000009449254fa5d4828fbb4af8438f72ab0607eec80e0000000000000000000000000000000000000000000000000de0b6b3a76400000000000000000000000000000000000000000000000010d98cb8e43912b688b100000000000000000000000000000000000000000000000000000000000000a000000000000000000000000000000000000000000000000000000000000000000000000000000000000000000000000000000000000000000000000000000002000000000000000000000000c02aaa39b223fe8d0a0e5c4f27ead9083c756cc200000000000000000000000056b8be7c2d3ffe0d8d6feb4d4eb4650c3ea10bb6,0x1593a026cd,0xda84cfaf,0x250,0x2b6e7577955071d4869e89d1ac49759311e2ceccfe66154152d28be200e7b080,0x189b53011dc52bf6359f4a2b23bebceed9114c117e2dadebecf08d5c1fd1efb2,0x3fc91a3afd70395cd496c647d5a6cc9d4b2b7fad,0x2,0x2,0x0,0xde0b6b3a7640000,0x0,19412068,19412068,1710162647,0x1f9090aae28b8a3dceadf281b0f12828e676c326,62149823624921011,,0
12,0x24f729ba8c42e5fb551ae88298c6cf930cc9a0f8fba6bc33091abe051c0a7939,,0x843d93daa061e2e21eed7a82c855e853f1300a1aeb801ec7ba092fd313e73d3d,0x1283466,0x1,0x3cc872dc2a61d377fa0264899d79853ff39b1c24,0x3ad28,0x12373928cf,0x24f729ba8c42e5fb551ae88298c6cf930cc9a0f8fba6bc33091abe051c0a7939,0x24856bc30000000000000000000000000000000000000000000000000000000000000040000000000000000000000000000000000000000000000000000000000000008000000000000000000000000000000000000000000000000000000000000000030a080c00000000000000000000000000000000000000000000000000000000000000000000000000000000000000000000000000000000000000000000000003000000000000000000000000000000000000000000000000000000000000006000000000000000000000000000000000000000000000000000000000000001e00000000000000000000000000000000000000000000000000000000000000300000000000000000000000000000000000000000000000000000000000000016000000000000000000000000050a69cea809b4afed9a31a72f049a5b0b33bf5e3000000000000000000000000ffffffffffffffffffffffffffffffffffffffff000000000000000000000000000000000000000000000000000000006617e14900000000000000000000000000000000000000000000000000000000000000000000000000000000000000003fc91a3afd70395cd496c647d5a6cc9d4b2b7fad0000000000000000000000000000000000000000000000000000000065ef09d100000000000000000000000000000000000000000000000000000000000000e00000000000000000000000000000000000000000000000000000000000000041d9b1fc2d49ef6b336ee2d3150b49aa328dfe3f78930c355a9e33957de7892ccb6140ee420c7e38b38413752ea0c9c92b73b9b09cc08dfd7ce3de1e80631dd5e71c000000000000000000000000000000000000000000000000000000000000000000000000000000000000000000000000000000000000000000000000000100000000000000000000000000000000000000000000000000000000000000000200000000000000000000000000000000000000000000411f16426347f5a3ae600000000000000000000000000000000000000000000000001118a41ce162152800000000000000000000000000000000000000000000000000000000000000a00000000000000000000000000000000000000000000000000000000000000001000000000000000000000000000000000000000000000000000000000000000200000000000000000000000050a69cea809b4afed9a31a72f049a5b0b33bf5e3000000000000000000000000c02aaa39b223fe8d0a0e5c4f27ead9083c756cc200000000000000000000000000000000000000000000000000000000000000400000000000000000000000003cc872dc2a61d377fa0264899d79853ff39b1c240000000000000000000000000000000000000000000000001118a41ce1621528,0x15699dbd09,0xbc113d19,0x73,0x765e109365929ba12d294bacfa9ae6b094f11d68bfd026ce519cc5e531147db2,0x6fc45ae966211586cfa40e14af30a7a661e11e74409779d91b1b44d2321c0b1a,0x3fc91a3afd70395cd496c647d5a6cc9d4b2b7fad,0xf,0x2,0x1,0x0,0x1,19412070,19412070,1710162671,0x4838b106fce9647bdf1e7877bf73ce8b0bad5f97,386712302539808323,,0
13,0x4f8a786f571bc3942d0457a413cb20431e361a4724cb7b20aba5ab30b3956ed4,,0x843d93daa061e2e21eed7a82c855e853f1300a1aeb801ec7ba092fd313e73d3d,0x1283466,0x1,0x3cc872dc2a61d377fa0264899d79853ff39b1c24,0xded0,0x12373928cf,0x4f8a786f571bc3942d0457a413cb20431e361a4724cb7b20aba5ab30b3956ed4,0x095ea7b3000000000000000000000000000000000022d473030f116ddee9f6b43ac78ba3ffffffffffffffffffffffffffffffffffffffffffffffffffffffffffffffff,0x15699dbd09,0xbc113d19,0x72,0x736a0b752cb897c3f65cef553d788a8322fdc3ca5d85ce81dee9ae1c6e44c75d,0x3c88f4327e09f18165ca58a70649511a77859bef29265cde52dd31f332788da9,0x50a69cea809b4afed9a31a72f049a5b0b33bf5e3,0xe,0x2,0x1,0x0,0x1,19412070,19412070,1710162671,0x4838b106fce9647bdf1e7877bf73ce8b0bad5f97,386712302539808323,,0
14,0xb9de9f69f52607d2661ef19d7ddd565d86d56ee8a8efe54c7ef06c620b72485a,,0xa94cbb17df53abe16a25389e26916fe6fc56b8cd06cc44ef04c56adeccf64b0e,0x1283468,0x1,0x75b5b2528ec04d27f4a67c5657805847db7ea63a,0x31648,0x123bbe3650,0xb9de9f69f52607d2661ef19d7ddd565d86d56ee8a8efe54c7ef06c620b72485a,0x24856bc30000000000000000000000000000000000000000000000000000000000000040000000000000000000000000000000000000000000000000000000000000008000000000000000000000000000000000000000000000000000000000000000020a080000000000000000000000000000000000000000000000000000000000000000000000000000000000000000000000000000000000000000000000000002000000000000000000000000000000000000000000000000000000000000004000000000000000000000000000000000000000000000000000000000000001c00000000000000000000000000000000000000000000000000000000000000160000000000000000000000000c02aaa39b223fe8d0a0e5c4f27ead9083c756cc2000000000000000000000000ffffffffffffffffffffffffffffffffffffffff000000000000000000000000000000000000000000000000000000006617e16b00000000000000000000000000000000000000000000000000000000000000000000000000000000000000003fc91a3afd70395cd496c647d5a6cc9d4b2b7fad0000000000000000000000000000000000000000000000000000000065ef09f300000000000000000000000000000000000000000000000000000000000000e000000000000000000000000000000000000000000000000000000000000000410e5c093b8059b58203992280f0caf104d5bf22722aca3b69e5aea2acafa1baff68ba42aa90239053dd07fdd0145791d9024efb81ce2369cd3472befa71d69f281b00000000000000000000000000000000000000000000000000000000000000000000000000000000000000000000000000000000000000000000000000010000000000000000000000000075b5b2528ec04d27f4a67c5657805847db7ea63a0000000000000000000000000000000000000000000000000943550d8d40541c000000000000000000000000000000000000000000001e48baedf736c44a339400000000000000000000000000000000000000000000000000000000000000a000000000000000000000000000000000000000000000000000000000000000010000000000000000000000000000000000000000000000000000000000000002000000000000000000000000c02aaa39b223fe8d0a0e5c4f27ead9083c756cc200000000000000000000000050a69cea809b4afed9a31a72f049a5b0b33bf5e3,0x15870af532,0xa146ad13,0x7,0x61cdb43222ad9fb0aa5f778acaa69831c584945c953921756c35b87303d3b855,0x7741e82da902356946de1a5cb2f34bd7ee8aa461b80ba27070c1035d1f391945,0x3fc91a3afd70395cd496c647d5a6cc9d4b2b7fad,0x2,0x2,0x0,0x0,0x0,19412072,19412072,1710162695,0x4838b106fce9647bdf1e7877bf73ce8b0bad5f97,422860710509758818,,0
15,0xe3871507ad9fe26dd3b88e5b30185726417a222d2105a22354e052716e8877d1,,0xac4cf84ad12a69eea7794753f4f37e205b1879c9905cc3d0e8cb2aa58a0d6116,0x1283469,0x1,0xf35d238babbd1276bd44bbbe3cc51e78c97c49f0,0x27f20,0x124e66cc14,0xe3871507ad9fe26dd3b88e5b30185726417a222d2105a22354e052716e8877d1,0x3593564c000000000000000000000000000000000000000000000000000000000000006000000000000000000000000000000000000000000000000000000000000000a00000000000000000000000000000000000000000000000000000000065ef055300000000000000000000000000000000000000000000000000000000000000020b080000000000000000000000000000000000000000000000000000000000000000000000000000000000000000000000000000000000000000000000000002000000000000000000000000000000000000000000000000000000000000004000000000000000000000000000000000000000000000000000000000000000a000000000000000000000000000000000000000000000000000000000000000400000000000000000000000000000000000000000000000000000000000000002000000000000000000000000000000000000000000000000016345785d8a000000000000000000000000000000000000000000000000000000000000000001000000000000000000000000000000000000000000000000000000000000000001000000000000000000000000000000000000000000000000016345785d8a0000000000000000000000000000000000000000000000000ec9d849fcb7c2a9c84400000000000000000000000000000000000000000000000000000000000000a000000000000000000000000000000000000000000000000000000000000000000000000000000000000000000000000000000000000000000000000000000002000000000000000000000000c02aaa39b223fe8d0a0e5c4f27ead9083c756cc20000000000000000000000001db61c337e5216941f53e6a0e41eed9640aec8bb,0x17e439b864,0x234d3ad,0xc,0xc13bafe0a83c99de4c732f4158e065ac2d78e36dfa238a364bd84dd6d900a775,0x1e8051601fa79e3a1498d6c15f0ef6675756052d3b830a0a2aa15c791eb6a267,0x3fc91a3afd70395cd496c647d5a6cc9d4b2b7fad,0x4,0x2,0x0,0x16345785d8a0000,0x0,19412073,19412073,1710162707,0x95222290dd7278aa3ddd389cc1e1d165cc4bafe5,83546134668546597,,0
16,0x623bae0e273896d748142353d5cec32276bf7f49b0ecded6d01eec70d57b6642,,0x3c9589d6c5521f3850e1c5f04dbc05cb0783cdd81955064ea69ccc05b5083599,0x1283476,0x1,0x1518c211f611114decd1842894e08b803afcd27b,0x2a1be,0x10e543e148,0x623bae0e273896d748142353d5cec32276bf7f49b0ecded6d01eec70d57b6642,0x3593564c000000000000000000000000000000000000000000000000000000000000006000000000000000000000000000000000000000000000000000000000000000a00000000000000000000000000000000000000000000000000000000065ef05e300000000000000000000000000000000000000000000000000000000000000020b000000000000000000000000000000000000000000000000000000000000000000000000000000000000000000000000000000000000000000000000000002000000000000000000000000000000000000000000000000000000000000004000000000000000000000000000000000000000000000000000000000000000a0000000000000000000000000000000000000000000000000000000000000004000000000000000000000000000000000000000000000000000000000000000020000000000000000000000000000000000000000000000001bc16d674ec80000000000000000000000000000000000000000000000000000000000000000010000000000000000000000000000000000000000000000000000000000000000010000000000000000000000000000000000000000000000001bc16d674ec8000000000000000000000000000000000000000000000000025e5dd928c88318370300000000000000000000000000000000000000000000000000000000000000a00000000000000000000000000000000000000000000000000000000000000000000000000000000000000000000000000000000000000000000000000000002bc02aaa39b223fe8d0a0e5c4f27ead9083c756cc2000bb88c282c35b5e1088bb208991c151182a782637699000000000000000000000000000000000000000000,0x193278b65c,0x2038091,0xa19,0xc05199791200356524eeb475963b8817a170138dfb65bcebb50f4d461533272a,0x7fd84a7b1c8ce475380e22e6c4d1f9d4b9c5b22df9ee2c8c85abf6056f5b7205,0x3fc91a3afd70395cd496c647d5a6cc9d4b2b7fad,0x1,0x2,0x1,0x1bc16d674ec80000,0x1,19412086,19412086,1710162863,0x95222290dd7278aa3ddd389cc1e1d165cc4bafe5,112786050190554503,,0
17,0xaca942abdc6cc4dfc3b5a59bf946115e815391475311a28870b2b7448fc0e1d9,,0x3506163194e81c2951d3dc9814033c1161281e3d9e979653edcd65bf5b3a5a2e,0x128347c,0x1,0x22728c62a44bc7f1fbb8f9f22e0ff13a5d1f791b,0x40a1f,0x12b8b7c518,0xaca942abdc6cc4dfc3b5a59bf946115e815391475311a28870b2b7448fc0e1d9,0x24856bc300000000000000000000000000000000000000000000000000000000000000400000000000000000000000000000000000000000000000000000000000000080000000000000000000000000000000000000000000000000000000000000000200080000000000000000000000000000000000000000000000000000000000000000000000000000000000000000000000000000000000000000000000000002000000000000000000000000000000000000000000000000000000000000004000000000000000000000000000000000000000000000000000000000000001600000000000000000000000000000000000000000000000000000000000000100000000000000000000000000898fcb7b4e3bee37ebb0ca3a3fbd08cefdc8c99500000000000000000000000000000000000000001027e72f1f12813088000000000000000000000000000000000000000000000000000000000000000000000000000000000000000000000000000000000000000000000000000000000000a00000000000000000000000000000000000000000000000000000000000000001000000000000000000000000000000000000000000000000000000000000002bb9f599ce614feb2e1bbe58f180f370d05b39344e002710c02aaa39b223fe8d0a0e5c4f27ead9083c756cc2000000000000000000000000000000000000000000000000000000000000000000000000000000000000000000000000000000010000000000000000000000000022728c62a44bc7f1fbb8f9f22e0ff13a5d1f791b800000000000000000000000000000000000000000000000000000000000000000000000000000000000000000000000000000000000001524d6d8ef3eae910600000000000000000000000000000000000000000000000000000000000000a000000000000000000000000000000000000000000000000000000000000000000000000000000000000000000000000000000000000000000000000000000002000000000000000000000000c02aaa39b223fe8d0a0e5c4f27ead9083c756cc200000000000000000000000021e5c85a5b1f38bddde68307af77e38f747cd530,0x15d90b181c,0xa9faca7c,0x22,0xc3c294b3f90b7309baeabb4df62f570b5ed1392e5ad6fcc53098954ed2463c34,0x5786a35fbd88aa0f6a13df126790b17511a5b37227ad05cbbc8ce7872632f454,0x3fc91a3afd70395cd496c647d5a6cc9d4b2b7fad,0x2,0x2,0x0,0x0,0x0,19412092,19412092,1710162935,0x95222290dd7278aa3ddd389cc1e1d165cc4bafe5,86915406680749130,,0
18,0xe081cfe651591ab6525ad185ca38ad9bfe3f6154e9811cb820e3b46af1e5bc9a,,0x56f3c64481f27b5c394e61979926ac75ae7f98d5c2d490ef658add84c3b11206,0x1283480,0x1,0x711281c1b26aaed86e40e4caaf76c1962b45e161,0x2ddb0,0x11c320d498,0xe081cfe651591ab6525ad185ca38ad9bfe3f6154e9811cb820e3b46af1e5bc9a,0x3593564c000000000000000000000000000000000000000000000000000000000000006000000000000000000000000000000000000000000000000000000000000000a00000000000000000000000000000000000000000000000000000000065ef06670000000000000000000000000000000000000000000000000000000000000002000c000000000000000000000000000000000000000000000000000000000000000000000000000000000000000000000000000000000000000000000000000200000000000000000000000000000000000000000000000000000000000000400000000000000000000000000000000000000000000000000000000000000160000000000000000000000000000000000000000000000000000000000000010000000000000000000000000000000000000000000000000000000000000000020000000000000000000000000000000000000000000000008ac7230489e80000000000000000000000000000000000000000000000000000114a5c965791d38e00000000000000000000000000000000000000000000000000000000000000a00000000000000000000000000000000000000000000000000000000000000001000000000000000000000000000000000000000000000000000000000000002b857ffc55b1aa61a7ff847c82072790cae73cd883000bb8c02aaa39b223fe8d0a0e5c4f27ead9083c756cc200000000000000000000000000000000000000000000000000000000000000000000000000000000000000000000000000000000400000000000000000000000000000000000000000000000000000000000000001000000000000000000000000000000000000000000000000114a5c965791d38e,0x1d38284f0d,0x1ea0951,0x40be,0xcc5252ec234778de11b043371cbab00db46da5b163f33062f65b1bad5d462e6f,0x6f59ae78b8699f65621d22e7d4adc10db62f28068dac8e245d9c393934d007b8,0x3fc91a3afd70395cd496c647d5a6cc9d4b2b7fad,0x2,0x2,0x0,0x0,0x0,19412096,19412096,1710162983,0x95222290dd7278aa3ddd389cc1e1d165cc4bafe5,85616354749290394,,0
19,0xcb677604ed47003bbb69511bed33c74a3f2a262e3e508337682b3536d6d64995,,0x1c9c374d3e6614a39c0eb7fb5d78fab2bcf6805fae824b2a67de31b69fbb67c3,0x1283484,0x1,0xdd2438bb231bed12de2f46b352c8252c43351d27,0x47df3,0x1150a1e030,0xcb677604ed47003bbb69511bed33c74a3f2a262e3e508337682b3536d6d64995,0x24856bc30000000000000000000000000000000000000000000000000000000000000040000000000000000000000000000000000000000000000000000000000000008000000000000000000000000000000000000000000000000000000000000000010800000000000000000000000000000000000000000000000000000000000000000000000000000000000000000000000000000000000000000000000000000100000000000000000000000000000000000000000000000000000000000000200000000000000000000000000000000000000000000000000000000000000120000000000000000000000000dd2438bb231bed12de2f46b352c8252c43351d2700000000000000000000000000000000000000000000000000012c28e1c6e7ee000000000000000000000000000000000000000000000023148ad43c8c714a3600000000000000000000000000000000000000000000000000000000000000a0000000000000000000000000000000000000000000000000000000000000000100000000000000000000000000000000000000000000000000000000000000030000000000000000000000008390a1da07e376ef7add4be859ba74fb83aa02d5000000000000000000000000c02aaa39b223fe8d0a0e5c4f27ead9083c756cc200000000000000000000000021e5c85a5b1f38bddde68307af77e38f747cd530,0x1477580bb6,0xa9c16af3,0x53,0x6e6386793924561509974b05c18d760b192353744bd7258ac064614c5ddd7678,0x392126336359265d359086490eac0f25d993d9b08ba91fad95fe127e7696eaa,0x3fc91a3afd70395cd496c647d5a6cc9d4b2b7fad,0x2,0x2,0x1,0x0,0x1,19412100,19412100,1710163031,0x1f9090aae28b8a3dceadf281b0f12828e676c326,263731129561567985,,0
20,0xaad7774f70fccad4b551f32964baa56254dc0796f8ea4192040b836ab97b06d4,,0x16bdd17735f828a411c8438d2c00494e0553a9097c861a4711a40eb919081f38,0x1283486,0x1,0x711281c1b26aaed86e40e4caaf76c1962b45e161,0x43815,0x11f662e45b,0xaad7774f70fccad4b551f32964baa56254dc0796f8ea4192040b836ab97b06d4,0x3593564c000000000000000000000000000000000000000000000000000000000000006000000000000000000000000000000000000000000000000000000000000000a00000000000000000000000000000000000000000000000000000000065ef06a30000000000000000000000000000000000000000000000000000000000000002000800000000000000000000000000000000000000000000000000000000000000000000000000000000000000000000000000000000000000000000000000020000000000000000000000000000000000000000000000000000000000000040000000000000000000000000000000000000000000000000000000000000016000000000000000000000000000000000000000000000000000000000000001000000000000000000000000007edc297010f04c4e82b997bd60ef7eeaf9c360d500000000000000000000000000000000000000000000000000000000ee6b2800000000000000000000000000000000000000000000000000000000000000000000000000000000000000000000000000000000000000000000000000000000a00000000000000000000000000000000000000000000000000000000000000001000000000000000000000000000000000000000000000000000000000000002ba0b86991c6218b36c1d19d4a2e9eb0ce3606eb480001f4c02aaa39b223fe8d0a0e5c4f27ead9083c756cc20000000000000000000000000000000000000000000000000000000000000000000000000000000000000000000000000000000100000000000000000000000000000000000000000000000000000000000000000180000000000000000000000000000000000000000000000000000000000000000000000000000000000000000000000000000000000000000001a8078dc4ef1300000000000000000000000000000000000000000000000000000000000000a000000000000000000000000000000000000000000000000000000000000000000000000000000000000000000000000000000000000000000000000000000002000000000000000000000000c02aaa39b223fe8d0a0e5c4f27ead9083c756cc2000000000000000000000000c548e90589b166e1364de744e6d35d8748996fe8,0x1c81ca9ef4,0x1e03c55,0x40bf,0x732a5c868bd8ad8f9371999939176a84c25c9d0f5dda95df5e71254507f8e081,0xa2b74feb1e3c0a58c4f0d53f9941bf30ff85c8da3b60916e1c7f3cb9d4d4052,0x3fc91a3afd70395cd496c647d5a6cc9d4b2b7fad,0x2,0x2,0x1,0x0,0x1,19412102,19412102,1710163055,0x95222290dd7278aa3ddd389cc1e1d165cc4bafe5,417673063505776113,,0
21,0xf575687f780edd7918193dcfe97f5f2d871ea275b9c77d6444e09ab0c0cf8f7b,,0xf09b72c5b9f261cee716f7b9076f5c282cb8a5718ea1be4ecd2978754624d7f5,0x1283487,0x1,0x37dba85dcfd0386f19fb56fd8032785e951c1697,0x2ce81,0x128fbe57f9,0xf575687f780edd7918193dcfe97f5f2d871ea275b9c77d6444e09ab0c0cf8f7b,0x24856bc3000000000000000000000000000000000000000000000000000000000000004000000000000000000000000000000000000000000000000000000000000000800000000000000000000000000000000000000000000000000000000000000002080c0000000000000000000000000000000000000000000000000000000000000000000000000000000000000000000000000000000000000000000000000002000000000000000000000000000000000000000000000000000000000000004000000000000000000000000000000000000000000000000000000000000001600000000000000000000000000000000000000000000000000000000000000100000000000000000000000000000000000000000000000000000000000000000200000000000000000000000000000000000000000d5d2ce9f64d8d7f6d2fd7fe000000000000000000000000000000000000000000000000707fc436fc5cd21500000000000000000000000000000000000000000000000000000000000000a000000000000000000000000000000000000000000000000000000000000000010000000000000000000000000000000000000000000000000000000000000002000000000000000000000000f017d3690346eb8234b85f74cee5e15821fee1f4000000000000000000000000c02aaa39b223fe8d0a0e5c4f27ead9083c756cc2000000000000000000000000000000000000000000000000000000000000004000000000000000000000000037dba85dcfd0386f19fb56fd8032785e951c1697000000000000000000000000000000000000000000000000707fc436fc5cd215,0x15d9957b1f,0xa3f4be3e,0x29,0x4cf6bc461172f0d9e8cbbfeb412e46414561a2b072447fb9bd2ec00e27601bc4,0x67226ce7a7bbf0f4d29228c7317ab5b819774e0b6c8ec98bc06ce8a5ba10117d,0x3fc91a3afd70395cd496c647d5a6cc9d4b2b7fad,0x1,0x2,0x1,0x0,0x1,19412103,19412103,1710163067,0x95222290dd7278aa3ddd389cc1e1d165cc4bafe5,38746925367007092,,0
22,0x4d8761e86be1ac935c925e4ac28513872a38583d4bf60223a0716a45ec617999,,0xa536817bba30d33c2a9b22e05d7588cfa60246085a7309081bc4ef177d33a982,0x1283488,0x1,0xc9673a6be5d35f15afe8b380db20a4ef5d451d6d,0x40071,0x11540dab06,0x4d8761e86be1ac935c925e4ac28513872a38583d4bf60223a0716a45ec617999,0x3593564c000000000000000000000000000000000000000000000000000000000000006000000000000000000000000000000000000000000000000000000000000000a00000000000000000000000000000000000000000000000000000000065ef06bb00000000000000000000000000000000000000000000000000000000000000030a080c00000000000000000000000000000000000000000000000000000000000000000000000000000000000000000000000000000000000000000000000003000000000000000000000000000000000000000000000000000000000000006000000000000000000000000000000000000000000000000000000000000001e0000000000000000000000000000000000000000000000000000000000000030000000000000000000000000000000000000000000000000000000000000001600000000000000000000000008aec4bbdcfb451aa289bfbd3c2f4e34a44ada1be000000000000000000000000ffffffffffffffffffffffffffffffffffffffff000000000000000000000000000000000000000000000000000000006616916600000000000000000000000000000000000000000000000000000000000000000000000000000000000000003fc91a3afd70395cd496c647d5a6cc9d4b2b7fad0000000000000000000000000000000000000000000000000000000065ef0b6e00000000000000000000000000000000000000000000000000000000000000e00000000000000000000000000000000000000000000000000000000000000041f9bcbb4e44c1f65b69223fcc481a4dbf4fd96b9f61c9f4550e46c91dd2c42d9d5189daf62dfb2135b7a94e755960d63bab9cd2bc00f6179d970d5a824d7ece541b000000000000000000000000000000000000000000000000000000000000000000000000000000000000000000000000000000000000000000000000000100000000000000000000000000000000000000000000000000000000000000000200000000000000000000000000000000000000000000000000005030a6f5e6510000000000000000000000000000000000000000000000000dd13210a23e640000000000000000000000000000000000000000000000000000000000000000a0000000000000000000000000000000000000000000000000000000000000000100000000000000000000000000000000000000000000000000000000000000020000000000000000000000008aec4bbdcfb451aa289bfbd3c2f4e34a44ada1be000000000000000000000000c02aaa39b223fe8d0a0e5c4f27ead9083c756cc2000000000000000000000000000000000000000000000000000000000000004000000000000000000000000000000000000000000000000000000000000000010000000000000000000000000000000000000000000000000dd13210a23e6400,0x167cb8b405,0x1d67c25,0x2,0x98a98df804ba91bfc634d59c767397741c46c0a1dc3c5214bc9148c261e52a16,0x173ea34e8f99b6981762ae38b4c9637198c281a3766267996de9507f7563aff4,0x3fc91a3afd70395cd496c647d5a6cc9d4b2b7fad,0x1,0x2,0x1,0x0,0x1,19412104,19412104,1710163079,0x95222290dd7278aa3ddd389cc1e1d165cc4bafe5,64725839033786953,,0
23,0x36453126f7b08f65178da484754a9195f7f044b032bcbdcd243a33a38cf7c813,,0x9309427a9305dddb87486a2bfca7965b0c4fbd0583c1320de617a17df8930fd4,0x1283489,0x1,0xc20eefbda09dded708b0575cc27b2221ce133795,0x3e63c,0x114b21e0e0,0x36453126f7b08f65178da484754a9195f7f044b032bcbdcd243a33a38cf7c813,0x3593564c000000000000000000000000000000000000000000000000000000000000006000000000000000000000000000000000000000000000000000000000000000a00000000000000000000000000000000000000000000000000000000065ef06c700000000000000000000000000000000000000000000000000000000000000020b080000000000000000000000000000000000000000000000000000000000000000000000000000000000000000000000000000000000000000000000000002000000000000000000000000000000000000000000000000000000000000004000000000000000000000000000000000000000000000000000000000000000a00000000000000000000000000000000000000000000000000000000000000040000000000000000000000000000000000000000000000000000000000000000200000000000000000000000000000000000000000000000068155a43676e00000000000000000000000000000000000000000000000000000000000000000100000000000000000000000000000000000000000000000000000000000000000100000000000000000000000000000000000000000000000068155a43676e0000000000000000000000000000000000000000000000004f7da8884c1ec66ad7d800000000000000000000000000000000000000000000000000000000000000a000000000000000000000000000000000000000000000000000000000000000000000000000000000000000000000000000000000000000000000000000000002000000000000000000000000c02aaa39b223fe8d0a0e5c4f27ead9083c756cc2000000000000000000000000eaa63125dd63f10874f99cdbbb18410e7fc79dd3,0x183f125b41,0x1c85ed2,0x194,0x3a9a2099df1bf7cedc4625aa56ab57cecd335c3600eff2e672b442c33d74616e,0x4956a78c822d2f4ed4938667dd91bc38bc64f464f31ee1100f249c0f12261b1b,0x3fc91a3afd70395cd496c647d5a6cc9d4b2b7fad,0x9,0x2,0x1,0x68155a43676e0000,0x1,19412105,19412105,1710163091,0x88c6c46ebf353a52bdbab708c23d0c81daa8134a,73515669460060936,,0
24,0xe4e2b44cc843b210fc1cce995266af830133c11ee283b6629b3abf6f0083ebfb,,0xb1fa44100d61f02407ecde8f00496ba7e7670533344ae4a5b43d29e40b5ff493,0x128348d,0x1,0x34c5fc224a350f8be26f84214d22cd52e98a9b8d,0x36942,0x1283535566,0xe4e2b44cc843b210fc1cce995266af830133c11ee283b6629b3abf6f0083ebfb,0x24856bc30000000000000000000000000000000000000000000000000000000000000040000000000000000000000000000000000000000000000000000000000000008000000000000000000000000000000000000000000000000000000000000000020b080000000000000000000000000000000000000000000000000000000000000000000000000000000000000000000000000000000000000000000000000002000000000000000000000000000000000000000000000000000000000000004000000000000000000000000000000000000000000000000000000000000000a00000000000000000000000000000000000000000000000000000000000000040000000000000000000000000000000000000000000000000000000000000000200000000000000000000000000000000000000000000000047ca30179f188000000000000000000000000000000000000000000000000000000000000000010000000000000000000000000034c5fc224a350f8be26f84214d22cd52e98a9b8d00000000000000000000000000000000000000000000000047ca30179f1880000000000000000000000000000000000000000000000034fb077be6f0555c673300000000000000000000000000000000000000000000000000000000000000a000000000000000000000000000000000000000000000000000000000000000000000000000000000000000000000000000000000000000000000000000000002000000000000000000000000c02aaa39b223fe8d0a0e5c4f27ead9083c756cc2000000000000000000000000eaa63125dd63f10874f99cdbbb18410e7fc79dd3,0x163813254b,0xaf66463a,0x238,0x462f0af93e9ce79218d6fdd6d60587e5f28bf5443962e17340a2658a3440d19f,0x6d1b921ec46aa8d298d636a089da7bbf187903380fa62635a489102f2687df19,0x3fc91a3afd70395cd496c647d5a6cc9d4b2b7fad,0x2,0x2,0x0,0x47ca30179f188000,0x0,19412109,19412109,1710163139,0x95222290dd7278aa3ddd389cc1e1d165cc4bafe5,127543534930549529,,0
25,0x651368a4ca3b651901af0d237d1d61001f6a12819c36d3125cd48a961d4f8543,,0xe9d69e4500b6cd3370a91194cd6eec1a4169ffb6340fe94729060a16f61d249a,0x1283493,0x1,0x75137437e8213f6bc35e00aba1567a1112b3a032,0x43418,0x11a046f4f9,0x651368a4ca3b651901af0d237d1d61001f6a12819c36d3125cd48a961d4f8543,0x3593564c000000000000000000000000000000000000000000000000000000000000006000000000000000000000000000000000000000000000000000000000000000a00000000000000000000000000000000000000000000000000000000065ef074b0000000000000000000000000000000000000000000000000000000000000002080c00000000000000000000000000000000000000000000000000000000000000000000000000000000000000000000000000000000000000000000000000020000000000000000000000000000000000000000000000000000000000000040000000000000000000000000000000000000000000000000000000000000016000000000000000000000000000000000000000000000000000000000000001000000000000000000000000000000000000000000000000000000000000000002000000000000000000000000000000000000000000000a7c604bf26450f800000000000000000000000000000000000000000000000000000d5dec0a83007b0500000000000000000000000000000000000000000000000000000000000000a000000000000000000000000000000000000000000000000000000000000000010000000000000000000000000000000000000000000000000000000000000002000000000000000000000000eaa63125dd63f10874f99cdbbb18410e7fc79dd3000000000000000000000000c02aaa39b223fe8d0a0e5c4f27ead9083c756cc2000000000000000000000000000000000000000000000000000000000000004000000000000000000000000000000000000000000000000000000000000000010000000000000000000000000000000000000000000000000d5dec0a83007b05,0x147d357000,0x11e1a300,0x52,0xa79c4ea81b7a07e9ca849d45e53233c9a23c52fad3c1075e7f0d35e797e5cb2f,0x44f3dd4d1a7a3a3b2ac2979e224bafb702e0789900dda325e2067f1b32a77fb6,0x3fc91a3afd70395cd496c647d5a6cc9d4b2b7fad,0x7,0x2,0x0,0x0,0x0,19412115,19412115,1710163211,0x95222290dd7278aa3ddd389cc1e1d165cc4bafe5,157380774639414694,,0
26,0x413c5f5201ab9239aaa96bf77c80bf51b9c2bf928535af5d034cbf5441f79591,,0x6aed2399d68541362c2eabb7feacf42c4730ae06bbd34aab3e51a59cfeafa65b,0x1283498,0x1,0x9fba9f8bdc1085b8a0a3e7d23ed4dece9c961989,0x3fff8,0x1270fbb700,0x413c5f5201ab9239aaa96bf77c80bf51b9c2bf928535af5d034cbf5441f79591,0x24856bc30000000000000000000000000000000000000000000000000000000000000040000000000000000000000000000000000000000000000000000000000000008000000000000000000000000000000000000000000000000000000000000000030a080c00000000000000000000000000000000000000000000000000000000000000000000000000000000000000000000000000000000000000000000000003000000000000000000000000000000000000000000000000000000000000006000000000000000000000000000000000000000000000000000000000000001e0000000000000000000000000000000000000000000000000000000000000030000000000000000000000000000000000000000000000000000000000000001600000000000000000000000008390a1da07e376ef7add4be859ba74fb83aa02d5000000000000000000000000ffffffffffffffffffffffffffffffffffffffff000000000000000000000000000000000000000000000000000000006617e3a600000000000000000000000000000000000000000000000000000000000000000000000000000000000000003fc91a3afd70395cd496c647d5a6cc9d4b2b7fad0000000000000000000000000000000000000000000000000000000065ef0c2e00000000000000000000000000000000000000000000000000000000000000e0000000000000000000000000000000000000000000000000000000000000004102306d0fc0d40750977858f34844e659a6691c3e23f207f40d4ee14d3bba17b303c21d5e3b85b7c76211165d8e62a73fffb9806e5f9d80ccc5b975c5f974026f1c00000000000000000000000000000000000000000000000000000000000000000000000000000000000000000000000000000000000000000000000000010000000000000000000000000000000000000000000000000000000000000000020000000000000000000000000000000000000000000000000008f4c3d90e879c00000000000000000000000000000000000000000000000090f6f35a41b633ce00000000000000000000000000000000000000000000000000000000000000a0000000000000000000000000000000000000000000000000000000000000000100000000000000000000000000000000000000000000000000000000000000020000000000000000000000008390a1da07e376ef7add4be859ba74fb83aa02d5000000000000000000000000c02aaa39b223fe8d0a0e5c4f27ead9083c756cc200000000000000000000000000000000000000000000000000000000000000400000000000000000000000009fba9f8bdc1085b8a0a3e7d23ed4dece9c96198900000000000000000000000000000000000000000000000090f6f35a41b633ce,0x1663b0c987,0x89b6a21c,0xf,0xd6bc819fb572fe5956b4e1fe4b3a7142dc887e248bf768586eecdb52f73a8e3f,0x373369c5f4fb6d173659b0fc3173a610e027b29083333951ab5fd570d60d52d9,0x3fc91a3afd70395cd496c647d5a6cc9d4b2b7fad,0x4,0x2,0x0,0x0,0x0,19412120,19412120,1710163271,0x95222290dd7278aa3ddd389cc1e1d165cc4bafe5,91357021217777786,,0
27,0x6326451b6cee44291395fd3efa1f7144676392ade4f0ba8a1d8c0fd108621731,,0x6aed2399d68541362c2eabb7feacf42c4730ae06bbd34aab3e51a59cfeafa65b,0x1283498,0x1,0x9fba9f8bdc1085b8a0a3e7d23ed4dece9c961989,0xdbd8,0x1270fbb700,0x6326451b6cee44291395fd3efa1f7144676392ade4f0ba8a1d8c0fd108621731,0x095ea7b3000000000000000000000000000000000022d473030f116ddee9f6b43ac78ba3ffffffffffffffffffffffffffffffffffffffffffffffffffffffffffffffff,0x1663b0c987,0x89b6a21c,0xe,0xefa0ff62543d9439a9fe0971f554c4ac3cf7f635aa8022448e60433c74f62f5b,0x1dc6478e5025a6536b9709d38df2687a7f8248f4a1323dfa94065b621a4f1d4e,0x8390a1da07e376ef7add4be859ba74fb83aa02d5,0x3,0x2,0x1,0x0,0x1,19412120,19412120,1710163271,0x95222290dd7278aa3ddd389cc1e1d165cc4bafe5,91357021217777786,,0
28,0xa231f74955550b91c045955dcba05ce6793104ffdc325fd82a016389a8b00352,,0x573dafce768046664269346e78aa4a900fbe70a5cde850f916fc3e2fe08a642b,0x128349b,0x1,0x0d74893e945bdd6ed2c6936f41ae8769e719adb1,0x4b551,0x122731f1ca,0xa231f74955550b91c045955dcba05ce6793104ffdc325fd82a016389a8b00352,0x3593564c000000000000000000000000000000000000000000000000000000000000006000000000000000000000000000000000000000000000000000000000000000a00000000000000000000000000000000000000000000000000000000065ef13570000000000000000000000000000000000000000000000000000000000000002080c000000000000000000000000000000000000000000000000000000000000000000000000000000000000000000000000000000000000000000000000000200000000000000000000000000000000000000000000000000000000000000400000000000000000000000000000000000000000000000000000000000000160000000000000000000000000000000000000000000000000000000000000010000000000000000000000000000000000000000000000000000000000000000020000000000000000000000000000000000000000000034f086f3b33b684000000000000000000000000000000000000000000000000000003aa9b86299df1a4400000000000000000000000000000000000000000000000000000000000000a0000000000000000000000000000000000000000000000000000000000000000100000000000000000000000000000000000000000000000000000000000000020000000000000000000000000fa0ed0cbe0412379cd181320c93448968c76c1c000000000000000000000000c02aaa39b223fe8d0a0e5c4f27ead9083c756cc2000000000000000000000000000000000000000000000000000000000000004000000000000000000000000000000000000000000000000000000000000000010000000000000000000000000000000000000000000000003aa9b86299df1a44,0x12dbf9ea00,0x5f5e100,0x356,0xd76a256d98cf8d31f2126127a7d1ffb105037d9cd868b548c00b37a305bd92d0,0x4267a48dd938c43e27abc3f4998de563dbb8508974ed2c36643a898c48a81d4b,0x3fc91a3afd70395cd496c647d5a6cc9d4b2b7fad,0x6,0x2,0x1,0x0,0x1,19412123,19412123,1710163307,0x388c818ca8b9251b393131c08a736a67ccb19297,96303844630309627,,0
29,0xa7df031a9365ac92037e9a28b2a89fc683bdd724f65cafc5625e9e92fbab10a0,,0x0d7c703e503279fb8f807c74455e15c8b75dfad4fb736dd0eb1266f355c1ba43,0x12834a3,0x1,0xaf7d66767f77f8c268ad31e938a5f3be88888888,0xf9aba,0x15433525d9,0xa7df031a9365ac92037e9a28b2a89fc683bdd724f65cafc5625e9e92fbab10a0,0xac9650d800000000000000000000000000000000000000000000000000000000000000200000000000000000000000000000000000000000000000000000000000000002000000000000000000000000000000000000000000000000000000000000004000000000000000000000000000000000000000000000000000000000000001a000000000000000000000000000000000000000000000000000000000000001241fbcd5e10000000000000000000000005c69bee701ef814a2b6a3edd4b1652cb9cc5aa6f00000000000000000000000000000000000000000000000000000000000026f200000000000000000000000000000000000000000000000000000000000000c000000000000000000000000000000000000000000000000006199e624eaad5b00000000000000000000000000000000000000000000000000deda9b1ee7c8180000000000000000000000000af7d66767f77f8c268ad31e938a5f3be888888880000000000000000000000000000000000000000000000000000000000000002000000000000000000000000e3b9cfb8ea8a4f1279fbc28d3e15b4d2d86f18a0000000000000000000000000c02aaa39b223fe8d0a0e5c4f27ead9083c756cc2000000000000000000000000000000000000000000000000000000000000000000000000000000000000000000000000000000000000000000000024d29d3520000000000000000000000000af7d66767f77f8c268ad31e938a5f3be8888888800000000000000000000000000000000000000000000000000000000,0x1f8c6deb00,0x77359400,0x2ed,0x8ef96226e8b07be3ffcca13634009359a48b39d42d36ecbe20fd3e0bd82ea02e,0x1d904da8b8d98b2b01c696159d1f7fde1b2f8ec579d9398616b92d6832dd9a52,0x42183725df3be80bcefb3d12528417698c0c8a8c,0x8,0x2,0x0,0x0,0x0,19412131,19412131,1710163415,0x95222290dd7278aa3ddd389cc1e1d165cc4bafe5,96069241066160680,,0
30,0x8f762515bc5eb815f6683323c4226373eb53922f00070efb569f653a1e85540e,,0x0b34ba1679b50edd174a736f3f53112179f01f3f8d87a4405446c8b7b5b85913,0x12834a7,0x1,0x548daa39be4e2b9068471e9a059b9e300817c7e2,0x3ad28,0x14691f9495,0x8f762515bc5eb815f6683323c4226373eb53922f00070efb569f653a1e85540e,0x24856bc30000000000000000000000000000000000000000000000000000000000000040000000000000000000000000000000000000000000000000000000000000008000000000000000000000000000000000000000000000000000000000000000030a080c00000000000000000000000000000000000000000000000000000000000000000000000000000000000000000000000000000000000000000000000003000000000000000000000000000000000000000000000000000000000000006000000000000000000000000000000000000000000000000000000000000001e00000000000000000000000000000000000000000000000000000000000000300000000000000000000000000000000000000000000000000000000000000016000000000000000000000000050a69cea809b4afed9a31a72f049a5b0b33bf5e3000000000000000000000000ffffffffffffffffffffffffffffffffffffffff000000000000000000000000000000000000000000000000000000006617d65b00000000000000000000000000000000000000000000000000000000000000000000000000000000000000003fc91a3afd70395cd496c647d5a6cc9d4b2b7fad0000000000000000000000000000000000000000000000000000000065ef0cf300000000000000000000000000000000000000000000000000000000000000e00000000000000000000000000000000000000000000000000000000000000041f018a2eb51e20ac5e8a84d26d071d17bddbc4c12c733c47c95d666253d31de3f30fd8ce6a49650527275b5ee33e47cf021445dd95c726c57b8e9fcf5d24961c01c00000000000000000000000000000000000000000000000000000000000000000000000000000000000000000000000000000000000000000000000000010000000000000000000000000000000000000000000000000000000000000000020000000000000000000000000000000000000000000006c00fa980d4e0a0093d00000000000000000000000000000000000000000000000001abee10dc8c9a2a00000000000000000000000000000000000000000000000000000000000000a00000000000000000000000000000000000000000000000000000000000000001000000000000000000000000000000000000000000000000000000000000000200000000000000000000000050a69cea809b4afed9a31a72f049a5b0b33bf5e3000000000000000000000000c02aaa39b223fe8d0a0e5c4f27ead9083c756cc20000000000000000000000000000000000000000000000000000000000000040000000000000000000000000548daa39be4e2b9068471e9a059b9e300817c7e200000000000000000000000000000000000000000000000001abee10dc8c9a2a,0x1a57c6c9e5,0x218711a00,0x10,0xb1c44ede95902d8cbad6527bf7d7b4ae79f6282cbefb14902804911ddc99918b,0x339b2977f1bc302a17c9a83019801ce070d02b3a4173b96a60bfc9c5a6bf7883,0x3fc91a3afd70395cd496c647d5a6cc9d4b2b7fad,0xb,0x2,0x0,0x0,0x0,19412135,19412135,1710163463,0x5124fcc2b3f99f571ad67d075643c743f38f1c34,256172523684574181,,0
31,0xe5be76c827fec38b17f44a4adef3a96553c5c88d017ee04d58500b9649adccbe,,0x0b34ba1679b50edd174a736f3f53112179f01f3f8d87a4405446c8b7b5b85913,0x12834a7,0x1,0x548daa39be4e2b9068471e9a059b9e300817c7e2,0xded0,0x14691f9495,0xe5be76c827fec38b17f44a4adef3a96553c5c88d017ee04d58500b9649adccbe,0x095ea7b3000000000000000000000000000000000022d473030f116ddee9f6b43ac78ba3ffffffffffffffffffffffffffffffffffffffffffffffffffffffffffffffff,0x1a57c6c9e5,0x218711a00,0xf,0xbf42f0d870d1096ad2970103c3343e6b6cf6fc86dd6b846c6e5dfc97984b7d5e,0x43e63fb662a11ef4671b2e2facb6a713cf1313368e052e0030ec2491644d4242,0x50a69cea809b4afed9a31a72f049a5b0b33bf5e3,0xa,0x2,0x0,0x0,0x0,19412135,19412135,1710163463,0x5124fcc2b3f99f571ad67d075643c743f38f1c34,256172523684574181,,0
32,0xf8196d4b1341fb7700603dd0abfebc5ee859b279eb9c2e7a172d9b99c2a71f7f,,0x064f7eaded864482194c6d4b4eb6b3190edc86c498b6df93f9043e89b0ef0205,0x12834ad,0x1,0xc50259330f6984da3c322c1e77e053fef02ea347,0x3663e,0x148690400d,0xf8196d4b1341fb7700603dd0abfebc5ee859b279eb9c2e7a172d9b99c2a71f7f,0x24856bc30000000000000000000000000000000000000000000000000000000000000040000000000000000000000000000000000000000000000000000000000000008000000000000000000000000000000000000000000000000000000000000000020b080000000000000000000000000000000000000000000000000000000000000000000000000000000000000000000000000000000000000000000000000002000000000000000000000000000000000000000000000000000000000000004000000000000000000000000000000000000000000000000000000000000000a00000000000000000000000000000000000000000000000000000000000000040000000000000000000000000000000000000000000000000000000000000000200000000000000000000000000000000000000000000000029a2241af62c00000000000000000000000000000000000000000000000000000000000000000100000000000000000000000000c50259330f6984da3c322c1e77e053fef02ea34700000000000000000000000000000000000000000000000029a2241af62c0000000000000000000000000000000000000000000000000053e3062966e5430e1e00000000000000000000000000000000000000000000000000000000000000a000000000000000000000000000000000000000000000000000000000000000000000000000000000000000000000000000000000000000000000000000000002000000000000000000000000c02aaa39b223fe8d0a0e5c4f27ead9083c756cc200000000000000000000000021e5c85a5b1f38bddde68307af77e38f747cd530,0x175633e5a5,0xd667adf1,0x15,0xe096d3f3c5b93d352f694de90adf35eea72d9b49353b1d6de857d4a517044125,0x1a056bb8945baa34a6d0a02a314696886d2e287d22f51ef3886ededdf4804732,0x3fc91a3afd70395cd496c647d5a6cc9d4b2b7fad,0x4,0x2,0x0,0x29a2241af62c0000,0x0,19412141,19412141,1710163535,0x95222290dd7278aa3ddd389cc1e1d165cc4bafe5,135006826740695080,,0
33,0x012778bb6330737bed53ca488e582500498d81e1db22060b8b8b94ed82d6ae99,,0x85c6415cc35155eeabd6cd71e6814582f9dee28596a33be8a4760e0e5c4b35be,0x12834ae,0x1,0x9ea02f652955b90c0dd4f256003e4e339d3a4184,0x352dd,0x14c7b6ec80,0x012778bb6330737bed53ca488e582500498d81e1db22060b8b8b94ed82d6ae99,0x3593564c000000000000000000000000000000000000000000000000000000000000006000000000000000000000000000000000000000000000000000000000000000a00000000000000000000000000000000000000000000000000000000065ef089b00000000000000000000000000000000000000000000000000000000000000020b080000000000000000000000000000000000000000000000000000000000000000000000000000000000000000000000000000000000000000000000000002000000000000000000000000000000000000000000000000000000000000004000000000000000000000000000000000000000000000000000000000000000a00000000000000000000000000000000000000000000000000000000000000040000000000000000000000000000000000000000000000000000000000000000200000000000000000000000000000000000000000000000002c68af0bb1400000000000000000000000000000000000000000000000000000000000000000100000000000000000000000000000000000000000000000000000000000000000100000000000000000000000000000000000000000000000002c68af0bb140000000000000000000000000000000000000000000023e0c6ef3db4b3c6c26372eb00000000000000000000000000000000000000000000000000000000000000a000000000000000000000000000000000000000000000000000000000000000000000000000000000000000000000000000000000000000000000000000000002000000000000000000000000c02aaa39b223fe8d0a0e5c4f27ead9083c756cc20000000000000000000000004fe8d4775b7cb2546b9ee86182081cdf8f77b053,,,0x0,0x383371f3a3fba29c35eeb4b29752ed5c7fc85c826c6d863a42ea64d70daac5e2,0xbe9f8b295d3edc205639cd2d7e275abbd9de4f89d567640f76379f7d872ff73,0x3fc91a3afd70395cd496c647d5a6cc9d4b2b7fad,0x2,0x0,0x26,0x2c68af0bb140000,,19412142,19412142,1710163547,0x95222290dd7278aa3ddd389cc1e1d165cc4bafe5,162651916224183385,,0
34,0x80756a409316570be65efd0861a99cc6c26adecbc1f2c2e0b65c6500268ce2cc,,0x56275b70dcefb347377e12e8c99a9a2b5a3af26eefc940e03037d707cd046783,0x12834b9,0x1,0x711281c1b26aaed86e40e4caaf76c1962b45e161,0x43cce,0x12b00a4f23,0x80756a409316570be65efd0861a99cc6c26adecbc1f2c2e0b65c6500268ce2cc,0x3593564c000000000000000000000000000000000000000000000000000000000000006000000000000000000000000000000000000000000000000000000000000000a00000000000000000000000000000000000000000000000000000000065ef09130000000000000000000000000000000000000000000000000000000000000002000800000000000000000000000000000000000000000000000000000000000000000000000000000000000000000000000000000000000000000000000000020000000000000000000000000000000000000000000000000000000000000040000000000000000000000000000000000000000000000000000000000000016000000000000000000000000000000000000000000000000000000000000001000000000000000000000000007edc297010f04c4e82b997bd60ef7eeaf9c360d500000000000000000000000000000000000000000000000000000000713fb300000000000000000000000000000000000000000000000000000000000000000000000000000000000000000000000000000000000000000000000000000000a00000000000000000000000000000000000000000000000000000000000000001000000000000000000000000000000000000000000000000000000000000002ba0b86991c6218b36c1d19d4a2e9eb0ce3606eb480001f4c02aaa39b223fe8d0a0e5c4f27ead9083c756cc20000000000000000000000000000000000000000000000000000000000000000000000000000000000000000000000000000000100000000000000000000000000000000000000000000000000000000000000000180000000000000000000000000000000000000000000000000000000000000000000000000000000000000000000000000000000000000000000c6f96d372f5a00000000000000000000000000000000000000000000000000000000000000a000000000000000000000000000000000000000000000000000000000000000000000000000000000000000000000000000000000000000000000000000000002000000000000000000000000c02aaa39b223fe8d0a0e5c4f27ead9083c756cc2000000000000000000000000c548e90589b166e1364de744e6d35d8748996fe8,0x1ff8a7a0c0,0xc6932c,0x40c2,0x5dd543a79538ef08076cfb93a910a1c7fbd100ba9bcee61e1a63be225b43d566,0x19449d97f244d7f14166464f15e32f98fc53cbce0898889add090b409fcaf5ad,0x3fc91a3afd70395cd496c647d5a6cc9d4b2b7fad,0x3,0x2,0x0,0x0,0x0,19412153,19412153,1710163679,0x95222290dd7278aa3ddd389cc1e1d165cc4bafe5,2250203947148321192,,0
35,0xd99a3931116a10e2cb106929bf9abeaf45e1addd6b505e915dab430ee7dfa962,,0x56275b70dcefb347377e12e8c99a9a2b5a3af26eefc940e03037d707cd046783,0x12834b9,0x1,0xdc8078a3002eb519ef780d52fe8dbcb365412b16,0x426bc,0x12b00262eb,0xd99a3931116a10e2cb106929bf9abeaf45e1addd6b505e915dab430ee7dfa962,0x3593564c000000000000000000000000000000000000000000000000000000000000006000000000000000000000000000000000000000000000000000000000000000a00000000000000000000000000000000000000000000000000000000065ef09130000000000000000000000000000000000000000000000000000000000000001080000000000000000000000000000000000000000000000000000000000000000000000000000000000000000000000000000000000000000000000000000010000000000000000000000000000000000000000000000000000000000000020000000000000000000000000000000000000000000000000000000000000012000000000000000000000000000000000000000000000000000000000000000010000000000000000000000000000000000000000000000000bc41047a8e99abb000000000000000000000000000000000000000000000000000000018c0a89f100000000000000000000000000000000000000000000000000000000000000a000000000000000000000000000000000000000000000000000000000000000010000000000000000000000000000000000000000000000000000000000000003000000000000000000000000e3b9cfb8ea8a4f1279fbc28d3e15b4d2d86f18a0000000000000000000000000c02aaa39b223fe8d0a0e5c4f27ead9083c756cc2000000000000000000000000dac17f958d2ee523a2206206994597c13d831ec7,0x18c0223de5,0xbea6f4,0x289,0x66368d302aa6a7f3d995ee511d4bad8a6a87f8252f8e6952e02dc798d44ad450,0x630c72debe3dadb85a1a82177961b7192b4858e1e4990ed46f7d99630180e179,0x3fc91a3afd70395cd496c647d5a6cc9d4b2b7fad,0x2,0x2,0x0,0x0,0x0,19412153,19412153,1710163679,0x95222290dd7278aa3ddd389cc1e1d165cc4bafe5,2250203947148321192,,0
36,0x1a5eafe643fb4e41e4666f045341584ea22bb73d585775ec4e4a094be22f89e6,,0x38aaa61c38a7d204d23dee4dc36870bf024d67e428da176794273b2b655ad999,0x12834bc,0x1,0x30049fd3dde7a46a6441a0d41dcb1cf5aaa93e77,0x2e24f,0x1339037b82,0x1a5eafe643fb4e41e4666f045341584ea22bb73d585775ec4e4a094be22f89e6,0x24856bc3000000000000000000000000000000000000000000000000000000000000004000000000000000000000000000000000000000000000000000000000000000800000000000000000000000000000000000000000000000000000000000000002000c000000000000000000000000000000000000000000000000000000000000000000000000000000000000000000000000000000000000000000000000000200000000000000000000000000000000000000000000000000000000000000400000000000000000000000000000000000000000000000000000000000000160000000000000000000000000000000000000000000000000000000000000010000000000000000000000000000000000000000000000000000000000000000020000000000000000000000000000000000000000000021e19e0c9bab24000000000000000000000000000000000000000000000000000000448ba0b5a840d93000000000000000000000000000000000000000000000000000000000000000a00000000000000000000000000000000000000000000000000000000000000001000000000000000000000000000000000000000000000000000000000000002b710287d1d39dcf62094a83ebb3e736e79400068a000bb8c02aaa39b223fe8d0a0e5c4f27ead9083c756cc2000000000000000000000000000000000000000000000000000000000000000000000000000000000000000000000000000000004000000000000000000000000030049fd3dde7a46a6441a0d41dcb1cf5aaa93e77000000000000000000000000000000000000000000000000448ba0b5a840d930,0x1781df14fb,0xb19c121e,0xe,0xada86d5a8be88ba11516d207073bd78ddd217519b75aa506dc45b23656c722ea,0x1d1c892a228966aab4de1b132639834f304b8e1988f6d55dae3fc19ab2684be4,0x3fc91a3afd70395cd496c647d5a6cc9d4b2b7fad,0x4,0x2,0x0,0x0,0x0,19412156,19412156,1710163715,0x95222290dd7278aa3ddd389cc1e1d165cc4bafe5,299840310615358010,,0
